<?xml version="1.0" encoding="UTF-8"?>
<gpx creator="https://gpx.studio" version="1.1" xmlns="http://www.topografix.com/GPX/1/1" xmlns:xsi="http://www.w3.org/2001/XMLSchema-instance" xsi:schemaLocation="http://www.topografix.com/GPX/1/1 http://www.topografix.com/GPX/1/1/gpx.xsd http://www.garmin.com/xmlschemas/GpxExtensions/v3 http://www.garmin.com/xmlschemas/GpxExtensionsv3.xsd http://www.garmin.com/xmlschemas/TrackPointExtension/v1 http://www.garmin.com/xmlschemas/TrackPointExtensionv1.xsd http://www.garmin.com/xmlschemas/PowerExtension/v1 http://www.garmin.com/xmlschemas/PowerExtensionv1.xsd http://www.topografix.com/GPX/gpx_style/0/2 http://www.topografix.com/GPX/gpx_style/0/2/gpx_style.xsd" xmlns:gpxtpx="http://www.garmin.com/xmlschemas/TrackPointExtension/v1" xmlns:gpxx="http://www.garmin.com/xmlschemas/GpxExtensions/v3" xmlns:gpxpx="http://www.garmin.com/xmlschemas/PowerExtension/v1" xmlns:gpx_style="http://www.topografix.com/GPX/gpx_style/0/2">
  <metadata>
    <name>New file 1</name>
    <author>
      <name>gpx.studio</name>
      <link href="https://gpx.studio"/>
    </author>
  </metadata>
  <trk>
    <name>New file 1</name>
    <trkseg>
      <trkpt lat="40.271211" lon="140.554319">
        <ele>57.59</ele>
      </trkpt>
      <trkpt lat="40.271529" lon="140.554292">
        <ele>60.52</ele>
      </trkpt>
      <trkpt lat="40.271921" lon="140.554257">
        <ele>61</ele>
      </trkpt>
      <trkpt lat="40.272325" lon="140.554192">
        <ele>60.25</ele>
      </trkpt>
      <trkpt lat="40.273384" lon="140.554175">
        <ele>55.07</ele>
      </trkpt>
      <trkpt lat="40.274484" lon="140.55419">
        <ele>55</ele>
      </trkpt>
      <trkpt lat="40.275888" lon="140.554271">
        <ele>54</ele>
      </trkpt>
      <trkpt lat="40.276663" lon="140.554316">
        <ele>55.96</ele>
      </trkpt>
      <trkpt lat="40.277072" lon="140.554356">
        <ele>56.09</ele>
      </trkpt>
      <trkpt lat="40.280352" lon="140.554532">
        <ele>55.06</ele>
      </trkpt>
      <trkpt lat="40.282665" lon="140.554562">
        <ele>55</ele>
      </trkpt>
      <trkpt lat="40.283784" lon="140.554589">
        <ele>55</ele>
      </trkpt>
      <trkpt lat="40.284836" lon="140.554623">
        <ele>55</ele>
      </trkpt>
      <trkpt lat="40.285541" lon="140.55466">
        <ele>55</ele>
      </trkpt>
      <trkpt lat="40.285781" lon="140.554723">
        <ele>55</ele>
      </trkpt>
      <trkpt lat="40.285923" lon="140.554781">
        <ele>55</ele>
      </trkpt>
      <trkpt lat="40.286102" lon="140.554892">
        <ele>55.39</ele>
      </trkpt>
      <trkpt lat="40.286243" lon="140.554999">
        <ele>56</ele>
      </trkpt>
      <trkpt lat="40.286368" lon="140.555109">
        <ele>56</ele>
      </trkpt>
      <trkpt lat="40.286538" lon="140.5553">
        <ele>56</ele>
      </trkpt>
      <trkpt lat="40.287013" lon="140.555874">
        <ele>57</ele>
      </trkpt>
      <trkpt lat="40.287366" lon="140.556289">
        <ele>56</ele>
      </trkpt>
      <trkpt lat="40.287419" lon="140.556392">
        <ele>56</ele>
      </trkpt>
      <trkpt lat="40.287589" lon="140.557213">
        <ele>56.96</ele>
      </trkpt>
      <trkpt lat="40.287547" lon="140.55731">
        <ele>56.63</ele>
      </trkpt>
      <trkpt lat="40.28685" lon="140.559552">
        <ele>57</ele>
      </trkpt>
      <trkpt lat="40.286838" lon="140.559626">
        <ele>57</ele>
      </trkpt>
      <trkpt lat="40.286825" lon="140.559844">
        <ele>57.18</ele>
      </trkpt>
      <trkpt lat="40.286933" lon="140.559856">
        <ele>57.25</ele>
      </trkpt>
      <trkpt lat="40.287397" lon="140.559855">
        <ele>57.12</ele>
      </trkpt>
      <trkpt lat="40.288108" lon="140.559776">
        <ele>57</ele>
      </trkpt>
      <trkpt lat="40.288724" lon="140.559695">
        <ele>57.42</ele>
      </trkpt>
      <trkpt lat="40.289039" lon="140.559616">
        <ele>58</ele>
      </trkpt>
      <trkpt lat="40.289548" lon="140.559514">
        <ele>57.26</ele>
      </trkpt>
      <trkpt lat="40.291362" lon="140.559218">
        <ele>57</ele>
      </trkpt>
      <trkpt lat="40.292327" lon="140.559041">
        <ele>58</ele>
      </trkpt>
      <trkpt lat="40.292496" lon="140.558998">
        <ele>58</ele>
      </trkpt>
      <trkpt lat="40.292578" lon="140.558965">
        <ele>58</ele>
      </trkpt>
      <trkpt lat="40.292928" lon="140.558741">
        <ele>58</ele>
      </trkpt>
      <trkpt lat="40.293474" lon="140.558374">
        <ele>59</ele>
      </trkpt>
      <trkpt lat="40.293513" lon="140.55834">
        <ele>59</ele>
      </trkpt>
      <trkpt lat="40.293991" lon="140.558025">
        <ele>59.45</ele>
      </trkpt>
      <trkpt lat="40.294203" lon="140.557895">
        <ele>59.37</ele>
      </trkpt>
      <trkpt lat="40.294845" lon="140.557576">
        <ele>59</ele>
      </trkpt>
      <trkpt lat="40.295503" lon="140.557391">
        <ele>59</ele>
      </trkpt>
      <trkpt lat="40.295585" lon="140.557398">
        <ele>59</ele>
      </trkpt>
      <trkpt lat="40.295677" lon="140.557446">
        <ele>59.14</ele>
      </trkpt>
      <trkpt lat="40.296194" lon="140.557839">
        <ele>60</ele>
      </trkpt>
      <trkpt lat="40.300677" lon="140.561078">
        <ele>60.35</ele>
      </trkpt>
      <trkpt lat="40.301434" lon="140.561616">
        <ele>62</ele>
      </trkpt>
      <trkpt lat="40.301862" lon="140.561909">
        <ele>62</ele>
      </trkpt>
      <trkpt lat="40.302269" lon="140.562385">
        <ele>61.96</ele>
      </trkpt>
      <trkpt lat="40.302321" lon="140.56254">
        <ele>61.75</ele>
      </trkpt>
      <trkpt lat="40.302652" lon="140.562523">
        <ele>60.17</ele>
      </trkpt>
      <trkpt lat="40.302885" lon="140.562483">
        <ele>61.33</ele>
      </trkpt>
      <trkpt lat="40.303366" lon="140.562319">
        <ele>65.25</ele>
      </trkpt>
      <trkpt lat="40.303426" lon="140.5623">
        <ele>64.42</ele>
      </trkpt>
      <trkpt lat="40.303569" lon="140.56212">
        <ele>64.49</ele>
      </trkpt>
      <trkpt lat="40.303579" lon="140.562139">
        <ele>64.4</ele>
      </trkpt>
      <trkpt lat="40.303677" lon="140.562152">
        <ele>65.94</ele>
      </trkpt>
      <trkpt lat="40.303878" lon="140.562295">
        <ele>68.5</ele>
      </trkpt>
      <trkpt lat="40.304101" lon="140.562512">
        <ele>69.82</ele>
      </trkpt>
      <trkpt lat="40.304782" lon="140.563093">
        <ele>70</ele>
      </trkpt>
      <trkpt lat="40.304991" lon="140.562582">
        <ele>70</ele>
      </trkpt>
      <trkpt lat="40.305024" lon="140.562298">
        <ele>69.14</ele>
      </trkpt>
      <trkpt lat="40.305078" lon="140.562141">
        <ele>68.55</ele>
      </trkpt>
      <trkpt lat="40.305168" lon="140.562041">
        <ele>67</ele>
      </trkpt>
      <trkpt lat="40.30542" lon="140.561828">
        <ele>62.51</ele>
      </trkpt>
      <trkpt lat="40.306299" lon="140.561083">
        <ele>59</ele>
      </trkpt>
      <trkpt lat="40.306653" lon="140.560763">
        <ele>58.66</ele>
      </trkpt>
      <trkpt lat="40.306947" lon="140.560376">
        <ele>59</ele>
      </trkpt>
      <trkpt lat="40.307092" lon="140.559997">
        <ele>59</ele>
      </trkpt>
      <trkpt lat="40.307303" lon="140.559094">
        <ele>60</ele>
      </trkpt>
      <trkpt lat="40.307482" lon="140.558278">
        <ele>60</ele>
      </trkpt>
      <trkpt lat="40.307604" lon="140.557851">
        <ele>60.03</ele>
      </trkpt>
      <trkpt lat="40.307806" lon="140.557454">
        <ele>59.24</ele>
      </trkpt>
      <trkpt lat="40.308065" lon="140.557155">
        <ele>58.98</ele>
      </trkpt>
      <trkpt lat="40.308175" lon="140.557061">
        <ele>59</ele>
      </trkpt>
      <trkpt lat="40.30837" lon="140.556934">
        <ele>58.9</ele>
      </trkpt>
      <trkpt lat="40.30854" lon="140.556868">
        <ele>59</ele>
      </trkpt>
      <trkpt lat="40.308692" lon="140.556837">
        <ele>59</ele>
      </trkpt>
      <trkpt lat="40.309236" lon="140.556882">
        <ele>59</ele>
      </trkpt>
      <trkpt lat="40.309747" lon="140.556896">
        <ele>59</ele>
      </trkpt>
      <trkpt lat="40.310297" lon="140.55687">
        <ele>60</ele>
      </trkpt>
      <trkpt lat="40.310497" lon="140.556833">
        <ele>60</ele>
      </trkpt>
      <trkpt lat="40.31068" lon="140.55676">
        <ele>60</ele>
      </trkpt>
      <trkpt lat="40.310904" lon="140.556636">
        <ele>60.69</ele>
      </trkpt>
      <trkpt lat="40.311027" lon="140.556548">
        <ele>61.01</ele>
      </trkpt>
      <trkpt lat="40.311217" lon="140.556391">
        <ele>61.17</ele>
      </trkpt>
      <trkpt lat="40.311593" lon="140.555992">
        <ele>61.94</ele>
      </trkpt>
      <trkpt lat="40.311809" lon="140.555722">
        <ele>62</ele>
      </trkpt>
      <trkpt lat="40.312468" lon="140.555056">
        <ele>62.54</ele>
      </trkpt>
      <trkpt lat="40.312749" lon="140.554806">
        <ele>62.97</ele>
      </trkpt>
      <trkpt lat="40.312822" lon="140.554758">
        <ele>63.12</ele>
      </trkpt>
      <trkpt lat="40.313633" lon="140.554488">
        <ele>64.44</ele>
      </trkpt>
      <trkpt lat="40.313807" lon="140.554421">
        <ele>64.7</ele>
      </trkpt>
      <trkpt lat="40.313986" lon="140.55439">
        <ele>65.87</ele>
      </trkpt>
      <trkpt lat="40.314521" lon="140.554466">
        <ele>70.62</ele>
      </trkpt>
      <trkpt lat="40.314843" lon="140.554488">
        <ele>74.4</ele>
      </trkpt>
      <trkpt lat="40.315334" lon="140.554424">
        <ele>76.33</ele>
      </trkpt>
      <trkpt lat="40.315824" lon="140.55437">
        <ele>76.71</ele>
      </trkpt>
      <trkpt lat="40.316173" lon="140.554353">
        <ele>79.06</ele>
      </trkpt>
      <trkpt lat="40.317373" lon="140.554698">
        <ele>80.75</ele>
      </trkpt>
      <trkpt lat="40.317855" lon="140.554742">
        <ele>81</ele>
      </trkpt>
      <trkpt lat="40.318178" lon="140.554746">
        <ele>80.46</ele>
      </trkpt>
      <trkpt lat="40.318478" lon="140.554731">
        <ele>80.55</ele>
      </trkpt>
      <trkpt lat="40.318924" lon="140.554648">
        <ele>81</ele>
      </trkpt>
      <trkpt lat="40.319199" lon="140.554586">
        <ele>81.39</ele>
      </trkpt>
      <trkpt lat="40.319326" lon="140.554602">
        <ele>81.93</ele>
      </trkpt>
      <trkpt lat="40.320119" lon="140.554987">
        <ele>82.9</ele>
      </trkpt>
      <trkpt lat="40.32068" lon="140.555283">
        <ele>81.92</ele>
      </trkpt>
      <trkpt lat="40.321011" lon="140.555541">
        <ele>81</ele>
      </trkpt>
      <trkpt lat="40.321111" lon="140.555567">
        <ele>81</ele>
      </trkpt>
      <trkpt lat="40.321182" lon="140.555545">
        <ele>81</ele>
      </trkpt>
      <trkpt lat="40.321242" lon="140.555503">
        <ele>81</ele>
      </trkpt>
      <trkpt lat="40.321518" lon="140.555513">
        <ele>81</ele>
      </trkpt>
      <trkpt lat="40.321754" lon="140.555575">
        <ele>81</ele>
      </trkpt>
      <trkpt lat="40.322501" lon="140.555744">
        <ele>82.7</ele>
      </trkpt>
      <trkpt lat="40.32268" lon="140.555821">
        <ele>83</ele>
      </trkpt>
      <trkpt lat="40.32316" lon="140.556192">
        <ele>82</ele>
      </trkpt>
      <trkpt lat="40.323516" lon="140.556515">
        <ele>78.03</ele>
      </trkpt>
      <trkpt lat="40.323634" lon="140.556611">
        <ele>76.2</ele>
      </trkpt>
      <trkpt lat="40.32373" lon="140.556647">
        <ele>75.81</ele>
      </trkpt>
      <trkpt lat="40.323892" lon="140.556662">
        <ele>75.41</ele>
      </trkpt>
      <trkpt lat="40.324174" lon="140.556603">
        <ele>75.03</ele>
      </trkpt>
      <trkpt lat="40.324382" lon="140.556611">
        <ele>75.03</ele>
      </trkpt>
      <trkpt lat="40.324702" lon="140.556704">
        <ele>74.99</ele>
      </trkpt>
      <trkpt lat="40.324977" lon="140.556822">
        <ele>73.78</ele>
      </trkpt>
      <trkpt lat="40.325301" lon="140.557002">
        <ele>74.34</ele>
      </trkpt>
      <trkpt lat="40.325441" lon="140.557044">
        <ele>73.61</ele>
      </trkpt>
      <trkpt lat="40.325599" lon="140.556927">
        <ele>73.72</ele>
      </trkpt>
      <trkpt lat="40.326522" lon="140.555987">
        <ele>74.46</ele>
      </trkpt>
      <trkpt lat="40.326742" lon="140.556253">
        <ele>75.54</ele>
      </trkpt>
      <trkpt lat="40.327814" lon="140.55513">
        <ele>76.31</ele>
      </trkpt>
      <trkpt lat="40.328443" lon="140.554447">
        <ele>76.77</ele>
      </trkpt>
      <trkpt lat="40.329108" lon="140.553778">
        <ele>77.11</ele>
      </trkpt>
      <trkpt lat="40.32948" lon="140.553418">
        <ele>77.29</ele>
      </trkpt>
      <trkpt lat="40.329789" lon="140.553158">
        <ele>77.43</ele>
      </trkpt>
      <trkpt lat="40.330358" lon="140.552745">
        <ele>77.68</ele>
      </trkpt>
      <trkpt lat="40.330937" lon="140.552513">
        <ele>77.87</ele>
      </trkpt>
      <trkpt lat="40.332133" lon="140.552322">
        <ele>78</ele>
      </trkpt>
      <trkpt lat="40.332636" lon="140.552293">
        <ele>78.3</ele>
      </trkpt>
      <trkpt lat="40.332863" lon="140.552316">
        <ele>78.56</ele>
      </trkpt>
      <trkpt lat="40.33307" lon="140.552378">
        <ele>78.77</ele>
      </trkpt>
      <trkpt lat="40.333314" lon="140.5525">
        <ele>78.7</ele>
      </trkpt>
      <trkpt lat="40.333477" lon="140.55263">
        <ele>79</ele>
      </trkpt>
      <trkpt lat="40.333705" lon="140.552843">
        <ele>79.27</ele>
      </trkpt>
      <trkpt lat="40.334247" lon="140.553411">
        <ele>81</ele>
      </trkpt>
      <trkpt lat="40.334359" lon="140.553383">
        <ele>81.5</ele>
      </trkpt>
      <trkpt lat="40.334507" lon="140.553327">
        <ele>82.18</ele>
      </trkpt>
      <trkpt lat="40.334763" lon="140.553261">
        <ele>82.49</ele>
      </trkpt>
      <trkpt lat="40.335217" lon="140.553011">
        <ele>83.55</ele>
      </trkpt>
      <trkpt lat="40.335403" lon="140.552711">
        <ele>84</ele>
      </trkpt>
      <trkpt lat="40.335525" lon="140.552558">
        <ele>84</ele>
      </trkpt>
      <trkpt lat="40.335681" lon="140.552488">
        <ele>84</ele>
      </trkpt>
      <trkpt lat="40.335847" lon="140.552506">
        <ele>84.47</ele>
      </trkpt>
      <trkpt lat="40.336213" lon="140.552719">
        <ele>86.69</ele>
      </trkpt>
      <trkpt lat="40.336397" lon="140.552896">
        <ele>87.32</ele>
      </trkpt>
      <trkpt lat="40.336766" lon="140.55298">
        <ele>88.73</ele>
      </trkpt>
      <trkpt lat="40.337091" lon="140.553076">
        <ele>89.66</ele>
      </trkpt>
      <trkpt lat="40.33735" lon="140.5531">
        <ele>90.42</ele>
      </trkpt>
      <trkpt lat="40.337707" lon="140.553113">
        <ele>91.92</ele>
      </trkpt>
      <trkpt lat="40.337815" lon="140.553164">
        <ele>91.63</ele>
      </trkpt>
      <trkpt lat="40.338229" lon="140.553434">
        <ele>92.09</ele>
      </trkpt>
      <trkpt lat="40.338345" lon="140.553472">
        <ele>91.73</ele>
      </trkpt>
      <trkpt lat="40.338522" lon="140.55343">
        <ele>92.5</ele>
      </trkpt>
      <trkpt lat="40.338741" lon="140.553355">
        <ele>93.55</ele>
      </trkpt>
      <trkpt lat="40.33891" lon="140.553388">
        <ele>94.05</ele>
      </trkpt>
      <trkpt lat="40.339334" lon="140.553644">
        <ele>96.94</ele>
      </trkpt>
      <trkpt lat="40.339645" lon="140.553817">
        <ele>97.14</ele>
      </trkpt>
      <trkpt lat="40.339792" lon="140.553863">
        <ele>97.41</ele>
      </trkpt>
      <trkpt lat="40.33988" lon="140.55387">
        <ele>97.82</ele>
      </trkpt>
      <trkpt lat="40.340227" lon="140.553818">
        <ele>98</ele>
      </trkpt>
      <trkpt lat="40.340531" lon="140.553749">
        <ele>99</ele>
      </trkpt>
      <trkpt lat="40.340876" lon="140.553687">
        <ele>99.1</ele>
      </trkpt>
      <trkpt lat="40.341447" lon="140.553678">
        <ele>99.67</ele>
      </trkpt>
      <trkpt lat="40.341651" lon="140.553654">
        <ele>101</ele>
      </trkpt>
      <trkpt lat="40.342032" lon="140.553495">
        <ele>101.08</ele>
      </trkpt>
      <trkpt lat="40.342239" lon="140.553454">
        <ele>102</ele>
      </trkpt>
      <trkpt lat="40.342564" lon="140.553422">
        <ele>102</ele>
      </trkpt>
      <trkpt lat="40.343277" lon="140.553331">
        <ele>103.18</ele>
      </trkpt>
      <trkpt lat="40.343966" lon="140.553203">
        <ele>105</ele>
      </trkpt>
      <trkpt lat="40.344276" lon="140.553137">
        <ele>106</ele>
      </trkpt>
      <trkpt lat="40.344751" lon="140.553097">
        <ele>107</ele>
      </trkpt>
      <trkpt lat="40.345166" lon="140.553012">
        <ele>107.01</ele>
      </trkpt>
      <trkpt lat="40.345643" lon="140.552943">
        <ele>107</ele>
      </trkpt>
      <trkpt lat="40.345857" lon="140.552899">
        <ele>106.2</ele>
      </trkpt>
      <trkpt lat="40.346063" lon="140.552849">
        <ele>106.94</ele>
      </trkpt>
      <trkpt lat="40.346435" lon="140.552658">
        <ele>106.4</ele>
      </trkpt>
      <trkpt lat="40.346554" lon="140.55258">
        <ele>107.2</ele>
      </trkpt>
      <trkpt lat="40.346656" lon="140.552469">
        <ele>108.51</ele>
      </trkpt>
      <trkpt lat="40.346921" lon="140.55205">
        <ele>107.33</ele>
      </trkpt>
      <trkpt lat="40.347367" lon="140.55166">
        <ele>104.63</ele>
      </trkpt>
      <trkpt lat="40.348318" lon="140.550849">
        <ele>107</ele>
      </trkpt>
      <trkpt lat="40.348836" lon="140.550382">
        <ele>107.83</ele>
      </trkpt>
      <trkpt lat="40.349101" lon="140.550078">
        <ele>108.2</ele>
      </trkpt>
      <trkpt lat="40.349469" lon="140.549692">
        <ele>109</ele>
      </trkpt>
      <trkpt lat="40.349622" lon="140.549607">
        <ele>109.33</ele>
      </trkpt>
      <trkpt lat="40.349809" lon="140.549535">
        <ele>109.45</ele>
      </trkpt>
      <trkpt lat="40.349953" lon="140.549531">
        <ele>109.39</ele>
      </trkpt>
      <trkpt lat="40.350235" lon="140.549606">
        <ele>109.57</ele>
      </trkpt>
      <trkpt lat="40.350434" lon="140.549677">
        <ele>110.22</ele>
      </trkpt>
      <trkpt lat="40.350714" lon="140.549788">
        <ele>110.51</ele>
      </trkpt>
      <trkpt lat="40.350894" lon="140.549789">
        <ele>111.68</ele>
      </trkpt>
      <trkpt lat="40.351058" lon="140.549718">
        <ele>112</ele>
      </trkpt>
      <trkpt lat="40.351167" lon="140.549624">
        <ele>111.42</ele>
      </trkpt>
      <trkpt lat="40.351614" lon="140.549083">
        <ele>112.81</ele>
      </trkpt>
      <trkpt lat="40.352624" lon="140.547921">
        <ele>116.14</ele>
      </trkpt>
      <trkpt lat="40.353044" lon="140.547418">
        <ele>118.01</ele>
      </trkpt>
      <trkpt lat="40.353175" lon="140.547261">
        <ele>118.98</ele>
      </trkpt>
      <trkpt lat="40.35347" lon="140.546942">
        <ele>119</ele>
      </trkpt>
      <trkpt lat="40.353625" lon="140.546803">
        <ele>119</ele>
      </trkpt>
      <trkpt lat="40.353767" lon="140.546755">
        <ele>119.6</ele>
      </trkpt>
      <trkpt lat="40.354038" lon="140.546698">
        <ele>120.17</ele>
      </trkpt>
      <trkpt lat="40.354499" lon="140.54657">
        <ele>121</ele>
      </trkpt>
      <trkpt lat="40.354511" lon="140.546476">
        <ele>121</ele>
      </trkpt>
      <trkpt lat="40.354508" lon="140.546324">
        <ele>121</ele>
      </trkpt>
      <trkpt lat="40.354485" lon="140.546115">
        <ele>121.05</ele>
      </trkpt>
      <trkpt lat="40.354498" lon="140.545976">
        <ele>121.55</ele>
      </trkpt>
      <trkpt lat="40.354531" lon="140.54587">
        <ele>122.13</ele>
      </trkpt>
      <trkpt lat="40.354827" lon="140.545567">
        <ele>123.83</ele>
      </trkpt>
      <trkpt lat="40.35513" lon="140.545306">
        <ele>124.34</ele>
      </trkpt>
      <trkpt lat="40.355338" lon="140.545156">
        <ele>124.97</ele>
      </trkpt>
      <trkpt lat="40.355514" lon="140.545067">
        <ele>125.52</ele>
      </trkpt>
      <trkpt lat="40.35568" lon="140.544996">
        <ele>125.42</ele>
      </trkpt>
      <trkpt lat="40.355842" lon="140.544945">
        <ele>126.08</ele>
      </trkpt>
      <trkpt lat="40.35622" lon="140.544948">
        <ele>126.85</ele>
      </trkpt>
      <trkpt lat="40.356582" lon="140.545033">
        <ele>127.01</ele>
      </trkpt>
      <trkpt lat="40.35674" lon="140.545056">
        <ele>127.8</ele>
      </trkpt>
      <trkpt lat="40.356794" lon="140.545052">
        <ele>127.82</ele>
      </trkpt>
      <trkpt lat="40.35685" lon="140.545034">
        <ele>127.81</ele>
      </trkpt>
      <trkpt lat="40.356932" lon="140.544986">
        <ele>127.61</ele>
      </trkpt>
      <trkpt lat="40.356985" lon="140.544942">
        <ele>127.93</ele>
      </trkpt>
      <trkpt lat="40.35716" lon="140.54475">
        <ele>128.58</ele>
      </trkpt>
      <trkpt lat="40.3573" lon="140.544639">
        <ele>129.22</ele>
      </trkpt>
      <trkpt lat="40.357368" lon="140.54461">
        <ele>129.39</ele>
      </trkpt>
      <trkpt lat="40.357553" lon="140.54457">
        <ele>129.14</ele>
      </trkpt>
      <trkpt lat="40.357692" lon="140.544556">
        <ele>129.41</ele>
      </trkpt>
      <trkpt lat="40.35783" lon="140.544501">
        <ele>130.57</ele>
      </trkpt>
      <trkpt lat="40.357931" lon="140.544397">
        <ele>130.6</ele>
      </trkpt>
      <trkpt lat="40.358174" lon="140.544249">
        <ele>131.11</ele>
      </trkpt>
      <trkpt lat="40.358295" lon="140.544229">
        <ele>131.61</ele>
      </trkpt>
      <trkpt lat="40.35852" lon="140.544275">
        <ele>132.2</ele>
      </trkpt>
      <trkpt lat="40.358707" lon="140.544406">
        <ele>132.58</ele>
      </trkpt>
      <trkpt lat="40.358967" lon="140.544606">
        <ele>132.69</ele>
      </trkpt>
      <trkpt lat="40.359267" lon="140.544938">
        <ele>134.12</ele>
      </trkpt>
      <trkpt lat="40.359411" lon="140.545076">
        <ele>134.34</ele>
      </trkpt>
      <trkpt lat="40.359551" lon="140.54515">
        <ele>134.62</ele>
      </trkpt>
      <trkpt lat="40.35975" lon="140.545195">
        <ele>134.99</ele>
      </trkpt>
      <trkpt lat="40.360169" lon="140.545342">
        <ele>136.33</ele>
      </trkpt>
      <trkpt lat="40.360563" lon="140.545519">
        <ele>138.66</ele>
      </trkpt>
      <trkpt lat="40.360808" lon="140.545649">
        <ele>140.48</ele>
      </trkpt>
      <trkpt lat="40.361214" lon="140.545754">
        <ele>141.31</ele>
      </trkpt>
      <trkpt lat="40.361504" lon="140.545882">
        <ele>141</ele>
      </trkpt>
      <trkpt lat="40.362261" lon="140.546316">
        <ele>143.08</ele>
      </trkpt>
      <trkpt lat="40.3625" lon="140.546468">
        <ele>144.14</ele>
      </trkpt>
      <trkpt lat="40.362666" lon="140.546528">
        <ele>145.36</ele>
      </trkpt>
      <trkpt lat="40.362815" lon="140.546553">
        <ele>146.82</ele>
      </trkpt>
      <trkpt lat="40.363076" lon="140.546536">
        <ele>147.58</ele>
      </trkpt>
      <trkpt lat="40.363217" lon="140.5465">
        <ele>148.49</ele>
      </trkpt>
      <trkpt lat="40.363398" lon="140.546507">
        <ele>148.5</ele>
      </trkpt>
      <trkpt lat="40.363498" lon="140.546553">
        <ele>148.15</ele>
      </trkpt>
      <trkpt lat="40.363745" lon="140.546745">
        <ele>150.42</ele>
      </trkpt>
      <trkpt lat="40.36388" lon="140.54678">
        <ele>150.49</ele>
      </trkpt>
      <trkpt lat="40.364359" lon="140.546809">
        <ele>151.38</ele>
      </trkpt>
      <trkpt lat="40.364785" lon="140.546788">
        <ele>153.13</ele>
      </trkpt>
      <trkpt lat="40.365029" lon="140.546725">
        <ele>154.63</ele>
      </trkpt>
      <trkpt lat="40.365242" lon="140.546688">
        <ele>155.47</ele>
      </trkpt>
      <trkpt lat="40.36531" lon="140.546688">
        <ele>155.99</ele>
      </trkpt>
      <trkpt lat="40.365747" lon="140.546622">
        <ele>156.69</ele>
      </trkpt>
      <trkpt lat="40.365917" lon="140.546622">
        <ele>157</ele>
      </trkpt>
      <trkpt lat="40.366042" lon="140.546644">
        <ele>157.71</ele>
      </trkpt>
      <trkpt lat="40.366234" lon="140.546703">
        <ele>158.49</ele>
      </trkpt>
      <trkpt lat="40.366445" lon="140.546784">
        <ele>159.59</ele>
      </trkpt>
      <trkpt lat="40.366659" lon="140.546813">
        <ele>161.72</ele>
      </trkpt>
      <trkpt lat="40.366943" lon="140.546813">
        <ele>162.75</ele>
      </trkpt>
      <trkpt lat="40.367346" lon="140.54685">
        <ele>162.73</ele>
      </trkpt>
      <trkpt lat="40.367574" lon="140.546916">
        <ele>162.94</ele>
      </trkpt>
      <trkpt lat="40.367709" lon="140.546968">
        <ele>162.68</ele>
      </trkpt>
      <trkpt lat="40.368013" lon="140.547111">
        <ele>164.36</ele>
      </trkpt>
      <trkpt lat="40.368371" lon="140.547262">
        <ele>166.01</ele>
      </trkpt>
      <trkpt lat="40.368756" lon="140.547402">
        <ele>168.15</ele>
      </trkpt>
      <trkpt lat="40.36917" lon="140.547527">
        <ele>170.68</ele>
      </trkpt>
      <trkpt lat="40.369452" lon="140.547571">
        <ele>172.48</ele>
      </trkpt>
      <trkpt lat="40.37006" lon="140.547608">
        <ele>174</ele>
      </trkpt>
      <trkpt lat="40.370392" lon="140.547613">
        <ele>175.53</ele>
      </trkpt>
      <trkpt lat="40.370755" lon="140.547624">
        <ele>178.39</ele>
      </trkpt>
      <trkpt lat="40.37098" lon="140.547661">
        <ele>181.26</ele>
      </trkpt>
      <trkpt lat="40.371498" lon="140.547639">
        <ele>184.86</ele>
      </trkpt>
      <trkpt lat="40.371982" lon="140.547668">
        <ele>188.53</ele>
      </trkpt>
      <trkpt lat="40.372106" lon="140.547691">
        <ele>190.43</ele>
      </trkpt>
      <trkpt lat="40.372455" lon="140.547683">
        <ele>197.79</ele>
      </trkpt>
      <trkpt lat="40.372674" lon="140.547646">
        <ele>199.18</ele>
      </trkpt>
      <trkpt lat="40.372893" lon="140.547609">
        <ele>197.93</ele>
      </trkpt>
      <trkpt lat="40.373141" lon="140.547543">
        <ele>197.87</ele>
      </trkpt>
      <trkpt lat="40.37321" lon="140.547543">
        <ele>198.57</ele>
      </trkpt>
      <trkpt lat="40.373547" lon="140.547492">
        <ele>199.16</ele>
      </trkpt>
      <trkpt lat="40.373761" lon="140.547436">
        <ele>199.66</ele>
      </trkpt>
      <trkpt lat="40.373975" lon="140.54738">
        <ele>202.26</ele>
      </trkpt>
      <trkpt lat="40.374242" lon="140.547275">
        <ele>202.33</ele>
      </trkpt>
      <trkpt lat="40.374675" lon="140.547108">
        <ele>205.96</ele>
      </trkpt>
      <trkpt lat="40.375125" lon="140.547031">
        <ele>206.13</ele>
      </trkpt>
      <trkpt lat="40.375333" lon="140.547058">
        <ele>208.21</ele>
      </trkpt>
      <trkpt lat="40.37569" lon="140.547237">
        <ele>211.72</ele>
      </trkpt>
      <trkpt lat="40.375914" lon="140.547351">
        <ele>211.84</ele>
      </trkpt>
      <trkpt lat="40.376279" lon="140.547525">
        <ele>214.28</ele>
      </trkpt>
      <trkpt lat="40.376503" lon="140.54759">
        <ele>216.23</ele>
      </trkpt>
      <trkpt lat="40.376665" lon="140.547612">
        <ele>217.41</ele>
      </trkpt>
      <trkpt lat="40.377012" lon="140.54755">
        <ele>223.54</ele>
      </trkpt>
      <trkpt lat="40.377169" lon="140.547479">
        <ele>226.4</ele>
      </trkpt>
      <trkpt lat="40.37729" lon="140.5475">
        <ele>228.71</ele>
      </trkpt>
      <trkpt lat="40.377497" lon="140.547592">
        <ele>233.99</ele>
      </trkpt>
      <trkpt lat="40.377792" lon="140.54768">
        <ele>240.86</ele>
      </trkpt>
      <trkpt lat="40.37802" lon="140.547729">
        <ele>246.87</ele>
      </trkpt>
      <trkpt lat="40.37824" lon="140.547722">
        <ele>253.19</ele>
      </trkpt>
      <trkpt lat="40.378732" lon="140.547644">
        <ele>270</ele>
      </trkpt>
      <trkpt lat="40.379002" lon="140.54765">
        <ele>279.53</ele>
      </trkpt>
      <trkpt lat="40.379218" lon="140.54765">
        <ele>285.3</ele>
      </trkpt>
      <trkpt lat="40.379417" lon="140.547683">
        <ele>294.11</ele>
      </trkpt>
      <trkpt lat="40.379574" lon="140.547764">
        <ele>306.16</ele>
      </trkpt>
      <trkpt lat="40.379913" lon="140.548081">
        <ele>339.01</ele>
      </trkpt>
      <trkpt lat="40.380116" lon="140.548252">
        <ele>363.06</ele>
      </trkpt>
      <trkpt lat="40.380319" lon="140.548423">
        <ele>382.09</ele>
      </trkpt>
      <trkpt lat="40.380879" lon="140.548775">
        <ele>429.6</ele>
      </trkpt>
      <trkpt lat="40.381044" lon="140.548858">
        <ele>445.16</ele>
      </trkpt>
      <trkpt lat="40.381209" lon="140.548941">
        <ele>455.35</ele>
      </trkpt>
      <trkpt lat="40.381375" lon="140.54899">
        <ele>469.26</ele>
      </trkpt>
      <trkpt lat="40.381608" lon="140.549098">
        <ele>495.54</ele>
      </trkpt>
      <trkpt lat="40.381744" lon="140.54919">
        <ele>506.86</ele>
      </trkpt>
      <trkpt lat="40.381908" lon="140.549086">
        <ele>512.39</ele>
      </trkpt>
      <trkpt lat="40.38216" lon="140.548975">
        <ele>529.81</ele>
      </trkpt>
      <trkpt lat="40.382654" lon="140.54877">
        <ele>546.75</ele>
      </trkpt>
      <trkpt lat="40.382758" lon="140.548688">
        <ele>542.21</ele>
      </trkpt>
      <trkpt lat="40.382847" lon="140.548443">
        <ele>532.39</ele>
      </trkpt>
      <trkpt lat="40.382945" lon="140.548278">
        <ele>524.63</ele>
      </trkpt>
      <trkpt lat="40.383041" lon="140.54814">
        <ele>517.69</ele>
      </trkpt>
      <trkpt lat="40.383104" lon="140.548082">
        <ele>514.19</ele>
      </trkpt>
      <trkpt lat="40.383247" lon="140.548016">
        <ele>507.56</ele>
      </trkpt>
      <trkpt lat="40.383343" lon="140.547998">
        <ele>504.03</ele>
      </trkpt>
      <trkpt lat="40.383728" lon="140.548056">
        <ele>493.66</ele>
      </trkpt>
      <trkpt lat="40.38386" lon="140.548104">
        <ele>490.98</ele>
      </trkpt>
      <trkpt lat="40.38414" lon="140.548243">
        <ele>484.68</ele>
      </trkpt>
      <trkpt lat="40.384337" lon="140.548372">
        <ele>479.45</ele>
      </trkpt>
      <trkpt lat="40.384491" lon="140.548439">
        <ele>474.09</ele>
      </trkpt>
      <trkpt lat="40.384676" lon="140.548549">
        <ele>468.37</ele>
      </trkpt>
      <trkpt lat="40.38486" lon="140.548659">
        <ele>458.15</ele>
      </trkpt>
      <trkpt lat="40.384982" lon="140.548703">
        <ele>448.99</ele>
      </trkpt>
      <trkpt lat="40.385114" lon="140.548806">
        <ele>441.31</ele>
      </trkpt>
      <trkpt lat="40.385374" lon="140.548959">
        <ele>431.7</ele>
      </trkpt>
      <trkpt lat="40.385754" lon="140.549091">
        <ele>417.41</ele>
      </trkpt>
      <trkpt lat="40.386185" lon="140.549153">
        <ele>403.23</ele>
      </trkpt>
      <trkpt lat="40.386647" lon="140.549168">
        <ele>387.13</ele>
      </trkpt>
      <trkpt lat="40.387132" lon="140.549095">
        <ele>367.5</ele>
      </trkpt>
      <trkpt lat="40.387303" lon="140.549073">
        <ele>363.67</ele>
      </trkpt>
      <trkpt lat="40.387402" lon="140.549019">
        <ele>360.64</ele>
      </trkpt>
      <trkpt lat="40.387552" lon="140.54881">
        <ele>348.86</ele>
      </trkpt>
      <trkpt lat="40.387609" lon="140.548734">
        <ele>346.36</ele>
      </trkpt>
      <trkpt lat="40.387749" lon="140.548601">
        <ele>341.01</ele>
      </trkpt>
      <trkpt lat="40.387916" lon="140.548485">
        <ele>337.43</ele>
      </trkpt>
      <trkpt lat="40.388059" lon="140.548431">
        <ele>336.07</ele>
      </trkpt>
      <trkpt lat="40.388232" lon="140.548388">
        <ele>333.24</ele>
      </trkpt>
      <trkpt lat="40.388508" lon="140.54833">
        <ele>326.36</ele>
      </trkpt>
      <trkpt lat="40.388666" lon="140.548308">
        <ele>321.98</ele>
      </trkpt>
      <trkpt lat="40.388914" lon="140.548308">
        <ele>320.16</ele>
      </trkpt>
      <trkpt lat="40.389161" lon="140.548308">
        <ele>316.07</ele>
      </trkpt>
      <trkpt lat="40.389249" lon="140.548318">
        <ele>313.69</ele>
      </trkpt>
      <trkpt lat="40.389379" lon="140.548317">
        <ele>309.79</ele>
      </trkpt>
      <trkpt lat="40.389526" lon="140.548291">
        <ele>306.56</ele>
      </trkpt>
      <trkpt lat="40.389672" lon="140.548239">
        <ele>304.74</ele>
      </trkpt>
      <trkpt lat="40.38974" lon="140.548199">
        <ele>303.29</ele>
      </trkpt>
      <trkpt lat="40.389907" lon="140.548055">
        <ele>299.09</ele>
      </trkpt>
      <trkpt lat="40.390089" lon="140.547964">
        <ele>295.64</ele>
      </trkpt>
      <trkpt lat="40.39039" lon="140.547859">
        <ele>291.36</ele>
      </trkpt>
      <trkpt lat="40.39058" lon="140.547839">
        <ele>289.56</ele>
      </trkpt>
      <trkpt lat="40.39058" lon="140.547572">
        <ele>288.46</ele>
      </trkpt>
      <trkpt lat="40.390636" lon="140.546792">
        <ele>288.03</ele>
      </trkpt>
      <trkpt lat="40.390659" lon="140.546667">
        <ele>288.14</ele>
      </trkpt>
      <trkpt lat="40.390693" lon="140.546336">
        <ele>288.61</ele>
      </trkpt>
      <trkpt lat="40.39103" lon="140.544375">
        <ele>287.11</ele>
      </trkpt>
      <trkpt lat="40.391222" lon="140.543297">
        <ele>282.92</ele>
      </trkpt>
      <trkpt lat="40.391278" lon="140.542789">
        <ele>280.92</ele>
      </trkpt>
      <trkpt lat="40.391284" lon="140.54209">
        <ele>278.69</ele>
      </trkpt>
      <trkpt lat="40.391317" lon="140.541869">
        <ele>277.5</ele>
      </trkpt>
      <trkpt lat="40.391379" lon="140.541575">
        <ele>275.8</ele>
      </trkpt>
      <trkpt lat="40.39143" lon="140.541274">
        <ele>273.83</ele>
      </trkpt>
      <trkpt lat="40.391492" lon="140.540794">
        <ele>272.92</ele>
      </trkpt>
      <trkpt lat="40.39152" lon="140.540302">
        <ele>271.73</ele>
      </trkpt>
      <trkpt lat="40.39152" lon="140.540074">
        <ele>271.02</ele>
      </trkpt>
      <trkpt lat="40.391498" lon="140.539891">
        <ele>270.98</ele>
      </trkpt>
      <trkpt lat="40.391368" lon="140.539427">
        <ele>271.07</ele>
      </trkpt>
      <trkpt lat="40.391323" lon="140.539221">
        <ele>271.21</ele>
      </trkpt>
      <trkpt lat="40.391317" lon="140.539">
        <ele>272.36</ele>
      </trkpt>
      <trkpt lat="40.391373" lon="140.538801">
        <ele>273.23</ele>
      </trkpt>
      <trkpt lat="40.391558" lon="140.538389">
        <ele>272.98</ele>
      </trkpt>
      <trkpt lat="40.391705" lon="140.538117">
        <ele>270</ele>
      </trkpt>
      <trkpt lat="40.392048" lon="140.537529">
        <ele>265.4</ele>
      </trkpt>
      <trkpt lat="40.392268" lon="140.537124">
        <ele>265.05</ele>
      </trkpt>
      <trkpt lat="40.392375" lon="140.536969">
        <ele>266.15</ele>
      </trkpt>
      <trkpt lat="40.392504" lon="140.536815">
        <ele>266.52</ele>
      </trkpt>
      <trkpt lat="40.392777" lon="140.536569">
        <ele>265.5</ele>
      </trkpt>
      <trkpt lat="40.39305" lon="140.536322">
        <ele>262.17</ele>
      </trkpt>
      <trkpt lat="40.393129" lon="140.536226">
        <ele>260.01</ele>
      </trkpt>
      <trkpt lat="40.39322" lon="140.536089">
        <ele>259.31</ele>
      </trkpt>
      <trkpt lat="40.39331" lon="140.535733">
        <ele>259.24</ele>
      </trkpt>
      <trkpt lat="40.393406" lon="140.535454">
        <ele>258</ele>
      </trkpt>
      <trkpt lat="40.393423" lon="140.535299">
        <ele>258.27</ele>
      </trkpt>
      <trkpt lat="40.393429" lon="140.535049">
        <ele>258.42</ele>
      </trkpt>
      <trkpt lat="40.393496" lon="140.534526">
        <ele>257.8</ele>
      </trkpt>
      <trkpt lat="40.393519" lon="140.534416">
        <ele>257.08</ele>
      </trkpt>
      <trkpt lat="40.39362" lon="140.534173">
        <ele>256.34</ele>
      </trkpt>
      <trkpt lat="40.393699" lon="140.534034">
        <ele>256.22</ele>
      </trkpt>
      <trkpt lat="40.393738" lon="140.533916">
        <ele>256.27</ele>
      </trkpt>
      <trkpt lat="40.393738" lon="140.53382">
        <ele>256.71</ele>
      </trkpt>
      <trkpt lat="40.393659" lon="140.533334">
        <ele>256.96</ele>
      </trkpt>
      <trkpt lat="40.393592" lon="140.532627">
        <ele>253.87</ele>
      </trkpt>
      <trkpt lat="40.393592" lon="140.532267">
        <ele>252.87</ele>
      </trkpt>
      <trkpt lat="40.393603" lon="140.53212">
        <ele>252.54</ele>
      </trkpt>
      <trkpt lat="40.393654" lon="140.53184">
        <ele>251.62</ele>
      </trkpt>
      <trkpt lat="40.393642" lon="140.530943">
        <ele>251.46</ele>
      </trkpt>
      <trkpt lat="40.393676" lon="140.530723">
        <ele>250.99</ele>
      </trkpt>
      <trkpt lat="40.393913" lon="140.530126">
        <ele>249.68</ele>
      </trkpt>
      <trkpt lat="40.393935" lon="140.529847">
        <ele>249.1</ele>
      </trkpt>
      <trkpt lat="40.393958" lon="140.529199">
        <ele>247.76</ele>
      </trkpt>
      <trkpt lat="40.39398" lon="140.528876">
        <ele>247.09</ele>
      </trkpt>
      <trkpt lat="40.394053" lon="140.52864">
        <ele>246.57</ele>
      </trkpt>
      <trkpt lat="40.394228" lon="140.528206">
        <ele>245.61</ele>
      </trkpt>
      <trkpt lat="40.394318" lon="140.527941">
        <ele>245.04</ele>
      </trkpt>
      <trkpt lat="40.394329" lon="140.527743">
        <ele>244.63</ele>
      </trkpt>
      <trkpt lat="40.394307" lon="140.527403">
        <ele>243.93</ele>
      </trkpt>
      <trkpt lat="40.394366" lon="140.527241">
        <ele>243.57</ele>
      </trkpt>
      <trkpt lat="40.394507" lon="140.526995">
        <ele>243.58</ele>
      </trkpt>
      <trkpt lat="40.394601" lon="140.526755">
        <ele>243.5</ele>
      </trkpt>
      <trkpt lat="40.394732" lon="140.526572">
        <ele>243.43</ele>
      </trkpt>
      <trkpt lat="40.394849" lon="140.526462">
        <ele>243.39</ele>
      </trkpt>
      <trkpt lat="40.395031" lon="140.526428">
        <ele>243.34</ele>
      </trkpt>
      <trkpt lat="40.395271" lon="140.526444">
        <ele>243.29</ele>
      </trkpt>
      <trkpt lat="40.39552" lon="140.52644">
        <ele>243.23</ele>
      </trkpt>
      <trkpt lat="40.395646" lon="140.526434">
        <ele>243.2</ele>
      </trkpt>
      <trkpt lat="40.395751" lon="140.526406">
        <ele>243.17</ele>
      </trkpt>
      <trkpt lat="40.395855" lon="140.526318">
        <ele>243.13</ele>
      </trkpt>
      <trkpt lat="40.396067" lon="140.525879">
        <ele>242.99</ele>
      </trkpt>
      <trkpt lat="40.396161" lon="140.525797">
        <ele>241.43</ele>
      </trkpt>
      <trkpt lat="40.396363" lon="140.526001">
        <ele>242.83</ele>
      </trkpt>
      <trkpt lat="40.396434" lon="140.526014">
        <ele>242.98</ele>
      </trkpt>
      <trkpt lat="40.396703" lon="140.525982">
        <ele>242.89</ele>
      </trkpt>
      <trkpt lat="40.396877" lon="140.526019">
        <ele>244.04</ele>
      </trkpt>
      <trkpt lat="40.397054" lon="140.526079">
        <ele>244.86</ele>
      </trkpt>
      <trkpt lat="40.397281" lon="140.526501">
        <ele>248.79</ele>
      </trkpt>
      <trkpt lat="40.397451" lon="140.526946">
        <ele>250.91</ele>
      </trkpt>
      <trkpt lat="40.397558" lon="140.527094">
        <ele>251.77</ele>
      </trkpt>
      <trkpt lat="40.397797" lon="140.52732">
        <ele>253</ele>
      </trkpt>
      <trkpt lat="40.397865" lon="140.527405">
        <ele>253</ele>
      </trkpt>
      <trkpt lat="40.397958" lon="140.527574">
        <ele>253.56</ele>
      </trkpt>
      <trkpt lat="40.398076" lon="140.527938">
        <ele>254.35</ele>
      </trkpt>
      <trkpt lat="40.398252" lon="140.528159">
        <ele>252.97</ele>
      </trkpt>
      <trkpt lat="40.398433" lon="140.528328">
        <ele>253.97</ele>
      </trkpt>
      <trkpt lat="40.398546" lon="140.528416">
        <ele>254.65</ele>
      </trkpt>
      <trkpt lat="40.398613" lon="140.528452">
        <ele>254.95</ele>
      </trkpt>
      <trkpt lat="40.398791" lon="140.528596">
        <ele>255.29</ele>
      </trkpt>
      <trkpt lat="40.398915" lon="140.52868">
        <ele>254.82</ele>
      </trkpt>
      <trkpt lat="40.399058" lon="140.528802">
        <ele>255.48</ele>
      </trkpt>
      <trkpt lat="40.399101" lon="140.528853">
        <ele>256</ele>
      </trkpt>
      <trkpt lat="40.399245" lon="140.528965">
        <ele>256.45</ele>
      </trkpt>
      <trkpt lat="40.399488" lon="140.529305">
        <ele>257.08</ele>
      </trkpt>
      <trkpt lat="40.39957" lon="140.52939">
        <ele>257.22</ele>
      </trkpt>
      <trkpt lat="40.399698" lon="140.529483">
        <ele>257.61</ele>
      </trkpt>
      <trkpt lat="40.399944" lon="140.5296">
        <ele>258.02</ele>
      </trkpt>
      <trkpt lat="40.400082" lon="140.529618">
        <ele>258.66</ele>
      </trkpt>
      <trkpt lat="40.400192" lon="140.529582">
        <ele>259.41</ele>
      </trkpt>
      <trkpt lat="40.400282" lon="140.529535">
        <ele>259.6</ele>
      </trkpt>
      <trkpt lat="40.400358" lon="140.529475">
        <ele>260.03</ele>
      </trkpt>
      <trkpt lat="40.400452" lon="140.529372">
        <ele>259.94</ele>
      </trkpt>
      <trkpt lat="40.400533" lon="140.529305">
        <ele>260.52</ele>
      </trkpt>
      <trkpt lat="40.400648" lon="140.529357">
        <ele>261</ele>
      </trkpt>
      <trkpt lat="40.401023" lon="140.529596">
        <ele>262.55</ele>
      </trkpt>
      <trkpt lat="40.40117" lon="140.529644">
        <ele>262.75</ele>
      </trkpt>
      <trkpt lat="40.401307" lon="140.529725">
        <ele>263.1</ele>
      </trkpt>
      <trkpt lat="40.401428" lon="140.52977">
        <ele>263.66</ele>
      </trkpt>
      <trkpt lat="40.401567" lon="140.529796">
        <ele>264.18</ele>
      </trkpt>
      <trkpt lat="40.40182" lon="140.529869">
        <ele>265.35</ele>
      </trkpt>
      <trkpt lat="40.401968" lon="140.529837">
        <ele>266.14</ele>
      </trkpt>
      <trkpt lat="40.402065" lon="140.529716">
        <ele>267.2</ele>
      </trkpt>
      <trkpt lat="40.402125" lon="140.529674">
        <ele>267.52</ele>
      </trkpt>
      <trkpt lat="40.402245" lon="140.529653">
        <ele>268.06</ele>
      </trkpt>
      <trkpt lat="40.402527" lon="140.529701">
        <ele>271.34</ele>
      </trkpt>
      <trkpt lat="40.4028" lon="140.529874">
        <ele>271.14</ele>
      </trkpt>
      <trkpt lat="40.402835" lon="140.529905">
        <ele>271.23</ele>
      </trkpt>
      <trkpt lat="40.402935" lon="140.530024">
        <ele>271.61</ele>
      </trkpt>
      <trkpt lat="40.402955" lon="140.530112">
        <ele>270.74</ele>
      </trkpt>
      <trkpt lat="40.402928" lon="140.530314">
        <ele>270.39</ele>
      </trkpt>
      <trkpt lat="40.402964" lon="140.530351">
        <ele>270.81</ele>
      </trkpt>
      <trkpt lat="40.403129" lon="140.530383">
        <ele>272.83</ele>
      </trkpt>
      <trkpt lat="40.403677" lon="140.530558">
        <ele>278.78</ele>
      </trkpt>
      <trkpt lat="40.403898" lon="140.530679">
        <ele>280.98</ele>
      </trkpt>
      <trkpt lat="40.403982" lon="140.530952">
        <ele>275.85</ele>
      </trkpt>
      <trkpt lat="40.40403" lon="140.531052">
        <ele>276.1</ele>
      </trkpt>
      <trkpt lat="40.404155" lon="140.531157">
        <ele>276.82</ele>
      </trkpt>
      <trkpt lat="40.404408" lon="140.531311">
        <ele>278.4</ele>
      </trkpt>
      <trkpt lat="40.404588" lon="140.531362">
        <ele>279.87</ele>
      </trkpt>
      <trkpt lat="40.404689" lon="140.531362">
        <ele>280.57</ele>
      </trkpt>
      <trkpt lat="40.404808" lon="140.531333">
        <ele>281.25</ele>
      </trkpt>
      <trkpt lat="40.404875" lon="140.531333">
        <ele>281.25</ele>
      </trkpt>
      <trkpt lat="40.405264" lon="140.53145">
        <ele>282.35</ele>
      </trkpt>
      <trkpt lat="40.405404" lon="140.53145">
        <ele>283.71</ele>
      </trkpt>
      <trkpt lat="40.405675" lon="140.531406">
        <ele>285.78</ele>
      </trkpt>
      <trkpt lat="40.405827" lon="140.531354">
        <ele>287.38</ele>
      </trkpt>
      <trkpt lat="40.405973" lon="140.531377">
        <ele>288.75</ele>
      </trkpt>
      <trkpt lat="40.406255" lon="140.531524">
        <ele>292.16</ele>
      </trkpt>
      <trkpt lat="40.406396" lon="140.531568">
        <ele>292.78</ele>
      </trkpt>
      <trkpt lat="40.406823" lon="140.531641">
        <ele>296.75</ele>
      </trkpt>
      <trkpt lat="40.407038" lon="140.531708">
        <ele>299.34</ele>
      </trkpt>
      <trkpt lat="40.407105" lon="140.531715">
        <ele>300.21</ele>
      </trkpt>
      <trkpt lat="40.407583" lon="140.531884">
        <ele>312.35</ele>
      </trkpt>
      <trkpt lat="40.407611" lon="140.531906">
        <ele>313.41</ele>
      </trkpt>
      <trkpt lat="40.407651" lon="140.531914">
        <ele>313.89</ele>
      </trkpt>
      <trkpt lat="40.407811" lon="140.532012">
        <ele>317.56</ele>
      </trkpt>
      <trkpt lat="40.407916" lon="140.532066">
        <ele>318.65</ele>
      </trkpt>
      <trkpt lat="40.408215" lon="140.53224">
        <ele>318.37</ele>
      </trkpt>
      <trkpt lat="40.408649" lon="140.53272">
        <ele>324.21</ele>
      </trkpt>
      <trkpt lat="40.408965" lon="140.533209">
        <ele>331.52</ele>
      </trkpt>
      <trkpt lat="40.409014" lon="140.533362">
        <ele>333.89</ele>
      </trkpt>
      <trkpt lat="40.409031" lon="140.533437">
        <ele>335.45</ele>
      </trkpt>
      <trkpt lat="40.40907" lon="140.533805">
        <ele>342.38</ele>
      </trkpt>
      <trkpt lat="40.40907" lon="140.533937">
        <ele>345.3</ele>
      </trkpt>
      <trkpt lat="40.409093" lon="140.534099">
        <ele>348.34</ele>
      </trkpt>
      <trkpt lat="40.409087" lon="140.534367">
        <ele>357.82</ele>
      </trkpt>
      <trkpt lat="40.409081" lon="140.534635">
        <ele>371.06</ele>
      </trkpt>
      <trkpt lat="40.409048" lon="140.535078">
        <ele>394.1</ele>
      </trkpt>
      <trkpt lat="40.409053" lon="140.535275">
        <ele>404.96</ele>
      </trkpt>
      <trkpt lat="40.409109" lon="140.535453">
        <ele>415.81</ele>
      </trkpt>
      <trkpt lat="40.409154" lon="140.535637">
        <ele>432.85</ele>
      </trkpt>
      <trkpt lat="40.409209" lon="140.535932">
        <ele>448.76</ele>
      </trkpt>
      <trkpt lat="40.409211" lon="140.536012">
        <ele>443.99</ele>
      </trkpt>
      <trkpt lat="40.409228" lon="140.536122">
        <ele>438.31</ele>
      </trkpt>
      <trkpt lat="40.409205" lon="140.536446">
        <ele>419.19</ele>
      </trkpt>
      <trkpt lat="40.409006" lon="140.537229">
        <ele>371.18</ele>
      </trkpt>
      <trkpt lat="40.408889" lon="140.537589">
        <ele>359.89</ele>
      </trkpt>
      <trkpt lat="40.408746" lon="140.538159">
        <ele>349.78</ele>
      </trkpt>
      <trkpt lat="40.408677" lon="140.538572">
        <ele>343.9</ele>
      </trkpt>
      <trkpt lat="40.408673" lon="140.538792">
        <ele>344.64</ele>
      </trkpt>
      <trkpt lat="40.408691" lon="140.539094">
        <ele>343.77</ele>
      </trkpt>
      <trkpt lat="40.408739" lon="140.539368">
        <ele>337.41</ele>
      </trkpt>
      <trkpt lat="40.408856" lon="140.539578">
        <ele>331.85</ele>
      </trkpt>
      <trkpt lat="40.40897" lon="140.539641">
        <ele>329.23</ele>
      </trkpt>
      <trkpt lat="40.409323" lon="140.539735">
        <ele>320.56</ele>
      </trkpt>
      <trkpt lat="40.409515" lon="140.539735">
        <ele>316.27</ele>
      </trkpt>
      <trkpt lat="40.409808" lon="140.539676">
        <ele>313.18</ele>
      </trkpt>
      <trkpt lat="40.40996" lon="140.539661">
        <ele>313.58</ele>
      </trkpt>
      <trkpt lat="40.410213" lon="140.53961">
        <ele>315.94</ele>
      </trkpt>
      <trkpt lat="40.410365" lon="140.539551">
        <ele>317.69</ele>
      </trkpt>
      <trkpt lat="40.410501" lon="140.539528">
        <ele>319.48</ele>
      </trkpt>
      <trkpt lat="40.41065" lon="140.539267">
        <ele>315.82</ele>
      </trkpt>
      <trkpt lat="40.410727" lon="140.539152">
        <ele>314.34</ele>
      </trkpt>
      <trkpt lat="40.411061" lon="140.538797">
        <ele>312.74</ele>
      </trkpt>
      <trkpt lat="40.411177" lon="140.538686">
        <ele>311.51</ele>
      </trkpt>
      <trkpt lat="40.411293" lon="140.538507">
        <ele>310.72</ele>
      </trkpt>
      <trkpt lat="40.411361" lon="140.538279">
        <ele>310.16</ele>
      </trkpt>
      <trkpt lat="40.411363" lon="140.538235">
        <ele>310.11</ele>
      </trkpt>
      <trkpt lat="40.411397" lon="140.538049">
        <ele>309.18</ele>
      </trkpt>
      <trkpt lat="40.411428" lon="140.537952">
        <ele>308.45</ele>
      </trkpt>
      <trkpt lat="40.411496" lon="140.537845">
        <ele>307.49</ele>
      </trkpt>
      <trkpt lat="40.411702" lon="140.537687">
        <ele>306.39</ele>
      </trkpt>
      <trkpt lat="40.411721" lon="140.537661">
        <ele>306.32</ele>
      </trkpt>
      <trkpt lat="40.411924" lon="140.537532">
        <ele>306.32</ele>
      </trkpt>
      <trkpt lat="40.412104" lon="140.537385">
        <ele>305.23</ele>
      </trkpt>
      <trkpt lat="40.412255" lon="140.537597">
        <ele>309.5</ele>
      </trkpt>
      <trkpt lat="40.412405" lon="140.537808">
        <ele>316.22</ele>
      </trkpt>
      <trkpt lat="40.413054" lon="140.538707">
        <ele>352.29</ele>
      </trkpt>
      <trkpt lat="40.4132" lon="140.538986">
        <ele>366.12</ele>
      </trkpt>
      <trkpt lat="40.413257" lon="140.539114">
        <ele>371</ele>
      </trkpt>
      <trkpt lat="40.413251" lon="140.539006">
        <ele>368.86</ele>
      </trkpt>
      <trkpt lat="40.413184" lon="140.538679">
        <ele>361.27</ele>
      </trkpt>
      <trkpt lat="40.413164" lon="140.53843">
        <ele>360.66</ele>
      </trkpt>
      <trkpt lat="40.413184" lon="140.538283">
        <ele>360.89</ele>
      </trkpt>
      <trkpt lat="40.413237" lon="140.538184">
        <ele>359.16</ele>
      </trkpt>
      <trkpt lat="40.413445" lon="140.538018">
        <ele>357.13</ele>
      </trkpt>
      <trkpt lat="40.413504" lon="140.537904">
        <ele>354.19</ele>
      </trkpt>
      <trkpt lat="40.413544" lon="140.537742">
        <ele>351.46</ele>
      </trkpt>
      <trkpt lat="40.41358" lon="140.537665">
        <ele>351.76</ele>
      </trkpt>
      <trkpt lat="40.413762" lon="140.537484">
        <ele>346.93</ele>
      </trkpt>
      <trkpt lat="40.413786" lon="140.537426">
        <ele>346.04</ele>
      </trkpt>
      <trkpt lat="40.413729" lon="140.537102">
        <ele>342.32</ele>
      </trkpt>
      <trkpt lat="40.413752" lon="140.536999">
        <ele>339.12</ele>
      </trkpt>
      <trkpt lat="40.413794" lon="140.536929">
        <ele>336.55</ele>
      </trkpt>
      <trkpt lat="40.413962" lon="140.536796">
        <ele>335.33</ele>
      </trkpt>
      <trkpt lat="40.414039" lon="140.536767">
        <ele>337.27</ele>
      </trkpt>
      <trkpt lat="40.414097" lon="140.536767">
        <ele>338.94</ele>
      </trkpt>
      <trkpt lat="40.414276" lon="140.536848">
        <ele>335.95</ele>
      </trkpt>
      <trkpt lat="40.414346" lon="140.536833">
        <ele>332.63</ele>
      </trkpt>
      <trkpt lat="40.414411" lon="140.536771">
        <ele>331.6</ele>
      </trkpt>
      <trkpt lat="40.41445" lon="140.536638">
        <ele>328.5</ele>
      </trkpt>
      <trkpt lat="40.414467" lon="140.536311">
        <ele>320.92</ele>
      </trkpt>
      <trkpt lat="40.414512" lon="140.536075">
        <ele>317.75</ele>
      </trkpt>
      <trkpt lat="40.414546" lon="140.536002">
        <ele>317.17</ele>
      </trkpt>
      <trkpt lat="40.414614" lon="140.535946">
        <ele>316.91</ele>
      </trkpt>
      <trkpt lat="40.414743" lon="140.535921">
        <ele>315.88</ele>
      </trkpt>
      <trkpt lat="40.414943" lon="140.535987">
        <ele>316.07</ele>
      </trkpt>
      <trkpt lat="40.415143" lon="140.536053">
        <ele>311.29</ele>
      </trkpt>
      <trkpt lat="40.41534" lon="140.536024">
        <ele>308.75</ele>
      </trkpt>
      <trkpt lat="40.415458" lon="140.535961">
        <ele>306.54</ele>
      </trkpt>
      <trkpt lat="40.415633" lon="140.535781">
        <ele>301.99</ele>
      </trkpt>
      <trkpt lat="40.415813" lon="140.535652">
        <ele>300.45</ele>
      </trkpt>
      <trkpt lat="40.416007" lon="140.535582">
        <ele>299.9</ele>
      </trkpt>
      <trkpt lat="40.41612" lon="140.535509">
        <ele>300.93</ele>
      </trkpt>
      <trkpt lat="40.416176" lon="140.535409">
        <ele>300.31</ele>
      </trkpt>
      <trkpt lat="40.416235" lon="140.535185">
        <ele>296.97</ele>
      </trkpt>
      <trkpt lat="40.416289" lon="140.535038">
        <ele>294.28</ele>
      </trkpt>
      <trkpt lat="40.4165" lon="140.534747">
        <ele>290.53</ele>
      </trkpt>
      <trkpt lat="40.416728" lon="140.534493">
        <ele>287.69</ele>
      </trkpt>
      <trkpt lat="40.416807" lon="140.534416">
        <ele>287.07</ele>
      </trkpt>
      <trkpt lat="40.416905" lon="140.534368">
        <ele>286.25</ele>
      </trkpt>
      <trkpt lat="40.417461" lon="140.534286">
        <ele>283.22</ele>
      </trkpt>
      <trkpt lat="40.417639" lon="140.534326">
        <ele>282.77</ele>
      </trkpt>
      <trkpt lat="40.417808" lon="140.534385">
        <ele>281.92</ele>
      </trkpt>
      <trkpt lat="40.417915" lon="140.534437">
        <ele>281.01</ele>
      </trkpt>
      <trkpt lat="40.418259" lon="140.534687">
        <ele>280.07</ele>
      </trkpt>
      <trkpt lat="40.418428" lon="140.534753">
        <ele>277.74</ele>
      </trkpt>
      <trkpt lat="40.418731" lon="140.534804">
        <ele>278.63</ele>
      </trkpt>
      <trkpt lat="40.41886" lon="140.534841">
        <ele>280.72</ele>
      </trkpt>
      <trkpt lat="40.419018" lon="140.534907">
        <ele>281.43</ele>
      </trkpt>
      <trkpt lat="40.419192" lon="140.535024">
        <ele>279.62</ele>
      </trkpt>
      <trkpt lat="40.419378" lon="140.53522">
        <ele>276.37</ele>
      </trkpt>
      <trkpt lat="40.419592" lon="140.535403">
        <ele>275.06</ele>
      </trkpt>
      <trkpt lat="40.419783" lon="140.53558">
        <ele>276.68</ele>
      </trkpt>
      <trkpt lat="40.41997" lon="140.535632">
        <ele>279.82</ele>
      </trkpt>
      <trkpt lat="40.420341" lon="140.535602">
        <ele>280.94</ele>
      </trkpt>
      <trkpt lat="40.420498" lon="140.535617">
        <ele>283.02</ele>
      </trkpt>
      <trkpt lat="40.420663" lon="140.535698">
        <ele>279.38</ele>
      </trkpt>
      <trkpt lat="40.420786" lon="140.535801">
        <ele>276.74</ele>
      </trkpt>
      <trkpt lat="40.420973" lon="140.536008">
        <ele>274.54</ele>
      </trkpt>
      <trkpt lat="40.421175" lon="140.536296">
        <ele>271.42</ele>
      </trkpt>
      <trkpt lat="40.421265" lon="140.536458">
        <ele>271.15</ele>
      </trkpt>
      <trkpt lat="40.421443" lon="140.536745">
        <ele>272.37</ele>
      </trkpt>
      <trkpt lat="40.42162" lon="140.537032">
        <ele>271.14</ele>
      </trkpt>
      <trkpt lat="40.421727" lon="140.537113">
        <ele>266.96</ele>
      </trkpt>
      <trkpt lat="40.421907" lon="140.537158">
        <ele>266.44</ele>
      </trkpt>
      <trkpt lat="40.422059" lon="140.537179">
        <ele>266.72</ele>
      </trkpt>
      <trkpt lat="40.422276" lon="140.537275">
        <ele>266.09</ele>
      </trkpt>
      <trkpt lat="40.422493" lon="140.537371">
        <ele>263.19</ele>
      </trkpt>
      <trkpt lat="40.422605" lon="140.537393">
        <ele>261.69</ele>
      </trkpt>
      <trkpt lat="40.423011" lon="140.537423">
        <ele>260.47</ele>
      </trkpt>
      <trkpt lat="40.423523" lon="140.537526">
        <ele>259.58</ele>
      </trkpt>
      <trkpt lat="40.42372" lon="140.537555">
        <ele>259.65</ele>
      </trkpt>
      <trkpt lat="40.4239" lon="140.53757">
        <ele>260.26</ele>
      </trkpt>
      <trkpt lat="40.424109" lon="140.537614">
        <ele>260.6</ele>
      </trkpt>
      <trkpt lat="40.424559" lon="140.537828">
        <ele>255.28</ele>
      </trkpt>
      <trkpt lat="40.424891" lon="140.538012">
        <ele>253.8</ele>
      </trkpt>
      <trkpt lat="40.42497" lon="140.538071">
        <ele>253.44</ele>
      </trkpt>
      <trkpt lat="40.425201" lon="140.538373">
        <ele>254.01</ele>
      </trkpt>
      <trkpt lat="40.425308" lon="140.538491">
        <ele>254.39</ele>
      </trkpt>
      <trkpt lat="40.42546" lon="140.538586">
        <ele>256.23</ele>
      </trkpt>
      <trkpt lat="40.425927" lon="140.538771">
        <ele>256.77</ele>
      </trkpt>
      <trkpt lat="40.42622" lon="140.538881">
        <ele>254.04</ele>
      </trkpt>
      <trkpt lat="40.426383" lon="140.538955">
        <ele>253.51</ele>
      </trkpt>
      <trkpt lat="40.42671" lon="140.539139">
        <ele>253.52</ele>
      </trkpt>
      <trkpt lat="40.426844" lon="140.539249">
        <ele>253.11</ele>
      </trkpt>
      <trkpt lat="40.427052" lon="140.539478">
        <ele>252.25</ele>
      </trkpt>
      <trkpt lat="40.427762" lon="140.540325">
        <ele>252.83</ele>
      </trkpt>
      <trkpt lat="40.428093" lon="140.540753">
        <ele>243.76</ele>
      </trkpt>
      <trkpt lat="40.428302" lon="140.541024">
        <ele>245.13</ele>
      </trkpt>
      <trkpt lat="40.428387" lon="140.541178">
        <ele>243.84</ele>
      </trkpt>
      <trkpt lat="40.428426" lon="140.54129">
        <ele>242.61</ele>
      </trkpt>
      <trkpt lat="40.428471" lon="140.541643">
        <ele>239.59</ele>
      </trkpt>
      <trkpt lat="40.42854" lon="140.541753">
        <ele>238.61</ele>
      </trkpt>
      <trkpt lat="40.428669" lon="140.54182">
        <ele>238.99</ele>
      </trkpt>
      <trkpt lat="40.428781" lon="140.541857">
        <ele>240.46</ele>
      </trkpt>
      <trkpt lat="40.428922" lon="140.541945">
        <ele>242.47</ele>
      </trkpt>
      <trkpt lat="40.429102" lon="140.542086">
        <ele>242.13</ele>
      </trkpt>
      <trkpt lat="40.42926" lon="140.542189">
        <ele>240.88</ele>
      </trkpt>
      <trkpt lat="40.4294" lon="140.542233">
        <ele>241.38</ele>
      </trkpt>
      <trkpt lat="40.43002" lon="140.542351">
        <ele>235.3</ele>
      </trkpt>
      <trkpt lat="40.430364" lon="140.542432">
        <ele>237.85</ele>
      </trkpt>
      <trkpt lat="40.4306" lon="140.542498">
        <ele>236.08</ele>
      </trkpt>
      <trkpt lat="40.430775" lon="140.542557">
        <ele>234.21</ele>
      </trkpt>
      <trkpt lat="40.431225" lon="140.542815">
        <ele>238</ele>
      </trkpt>
      <trkpt lat="40.431552" lon="140.543021">
        <ele>237.29</ele>
      </trkpt>
      <trkpt lat="40.431682" lon="140.543139">
        <ele>237.13</ele>
      </trkpt>
      <trkpt lat="40.431856" lon="140.54336">
        <ele>238.03</ele>
      </trkpt>
      <trkpt lat="40.432053" lon="140.543544">
        <ele>239.25</ele>
      </trkpt>
      <trkpt lat="40.432239" lon="140.543662">
        <ele>239.76</ele>
      </trkpt>
      <trkpt lat="40.432385" lon="140.543728">
        <ele>240.56</ele>
      </trkpt>
      <trkpt lat="40.432503" lon="140.543765">
        <ele>238.01</ele>
      </trkpt>
      <trkpt lat="40.432588" lon="140.543772">
        <ele>234.73</ele>
      </trkpt>
      <trkpt lat="40.432763" lon="140.543809">
        <ele>229.9</ele>
      </trkpt>
      <trkpt lat="40.433066" lon="140.543831">
        <ele>230.87</ele>
      </trkpt>
      <trkpt lat="40.433562" lon="140.543816">
        <ele>230.96</ele>
      </trkpt>
      <trkpt lat="40.433815" lon="140.543772">
        <ele>229.6</ele>
      </trkpt>
      <trkpt lat="40.433968" lon="140.543765">
        <ele>228.89</ele>
      </trkpt>
      <trkpt lat="40.434193" lon="140.54378">
        <ele>227.78</ele>
      </trkpt>
      <trkpt lat="40.434429" lon="140.543831">
        <ele>227.92</ele>
      </trkpt>
      <trkpt lat="40.434615" lon="140.543898">
        <ele>227.62</ele>
      </trkpt>
      <trkpt lat="40.434857" lon="140.544023">
        <ele>227.28</ele>
      </trkpt>
      <trkpt lat="40.435161" lon="140.544272">
        <ele>228.35</ele>
      </trkpt>
      <trkpt lat="40.435465" lon="140.544552">
        <ele>229.55</ele>
      </trkpt>
      <trkpt lat="40.435583" lon="140.544648">
        <ele>229.42</ele>
      </trkpt>
      <trkpt lat="40.435763" lon="140.544736">
        <ele>229.76</ele>
      </trkpt>
      <trkpt lat="40.435921" lon="140.544729">
        <ele>228.64</ele>
      </trkpt>
      <trkpt lat="40.436028" lon="140.544692">
        <ele>227.46</ele>
      </trkpt>
      <trkpt lat="40.436466" lon="140.544456">
        <ele>218.07</ele>
      </trkpt>
      <trkpt lat="40.43681" lon="140.54425">
        <ele>216.62</ele>
      </trkpt>
      <trkpt lat="40.436968" lon="140.544191">
        <ele>216.72</ele>
      </trkpt>
      <trkpt lat="40.437108" lon="140.544125">
        <ele>216.86</ele>
      </trkpt>
      <trkpt lat="40.43735" lon="140.544051">
        <ele>217.97</ele>
      </trkpt>
      <trkpt lat="40.437778" lon="140.544036">
        <ele>220.98</ele>
      </trkpt>
      <trkpt lat="40.438034" lon="140.544044">
        <ele>222.1</ele>
      </trkpt>
      <trkpt lat="40.438289" lon="140.544051">
        <ele>226.21</ele>
      </trkpt>
      <trkpt lat="40.438545" lon="140.544059">
        <ele>228.1</ele>
      </trkpt>
      <trkpt lat="40.439243" lon="140.544111">
        <ele>219.02</ele>
      </trkpt>
      <trkpt lat="40.439654" lon="140.544154">
        <ele>219.19</ele>
      </trkpt>
      <trkpt lat="40.439817" lon="140.54414">
        <ele>219.23</ele>
      </trkpt>
      <trkpt lat="40.4402" lon="140.544022">
        <ele>216.65</ele>
      </trkpt>
      <trkpt lat="40.440572" lon="140.543992">
        <ele>214.33</ele>
      </trkpt>
      <trkpt lat="40.440769" lon="140.543977">
        <ele>215.73</ele>
      </trkpt>
      <trkpt lat="40.440836" lon="140.543941">
        <ele>216.03</ele>
      </trkpt>
      <trkpt lat="40.440955" lon="140.543801">
        <ele>215.81</ele>
      </trkpt>
      <trkpt lat="40.441107" lon="140.543551">
        <ele>213.24</ele>
      </trkpt>
      <trkpt lat="40.441371" lon="140.543204">
        <ele>207.64</ele>
      </trkpt>
      <trkpt lat="40.44163" lon="140.542961">
        <ele>202.31</ele>
      </trkpt>
      <trkpt lat="40.441793" lon="140.542851">
        <ele>200.14</ele>
      </trkpt>
      <trkpt lat="40.442041" lon="140.542747">
        <ele>201.08</ele>
      </trkpt>
      <trkpt lat="40.442328" lon="140.542667">
        <ele>206</ele>
      </trkpt>
      <trkpt lat="40.442464" lon="140.542674">
        <ele>206.78</ele>
      </trkpt>
      <trkpt lat="40.442655" lon="140.54274">
        <ele>205.05</ele>
      </trkpt>
      <trkpt lat="40.443004" lon="140.542946">
        <ele>202.14</ele>
      </trkpt>
      <trkpt lat="40.443314" lon="140.543123">
        <ele>202.61</ele>
      </trkpt>
      <trkpt lat="40.44346" lon="140.543226">
        <ele>202.67</ele>
      </trkpt>
      <trkpt lat="40.443562" lon="140.543344">
        <ele>201.75</ele>
      </trkpt>
      <trkpt lat="40.443674" lon="140.543521">
        <ele>200.72</ele>
      </trkpt>
      <trkpt lat="40.443736" lon="140.543558">
        <ele>200.98</ele>
      </trkpt>
      <trkpt lat="40.443894" lon="140.543558">
        <ele>201.85</ele>
      </trkpt>
      <trkpt lat="40.443984" lon="140.543506">
        <ele>202.62</ele>
      </trkpt>
      <trkpt lat="40.444226" lon="140.543263">
        <ele>204.47</ele>
      </trkpt>
      <trkpt lat="40.444371" lon="140.543138">
        <ele>204.85</ele>
      </trkpt>
      <trkpt lat="40.44481" lon="140.542873">
        <ele>203.77</ele>
      </trkpt>
      <trkpt lat="40.4449" lon="140.542755">
        <ele>204.45</ele>
      </trkpt>
      <trkpt lat="40.444975" lon="140.542504">
        <ele>206.51</ele>
      </trkpt>
      <trkpt lat="40.44498" lon="140.542453">
        <ele>206.97</ele>
      </trkpt>
      <trkpt lat="40.445002" lon="140.542379">
        <ele>207.3</ele>
      </trkpt>
      <trkpt lat="40.445075" lon="140.542269">
        <ele>206.91</ele>
      </trkpt>
      <trkpt lat="40.445165" lon="140.542203">
        <ele>206</ele>
      </trkpt>
      <trkpt lat="40.445323" lon="140.542158">
        <ele>203.76</ele>
      </trkpt>
      <trkpt lat="40.44551" lon="140.542128">
        <ele>202.44</ele>
      </trkpt>
      <trkpt lat="40.445633" lon="140.542084">
        <ele>202.34</ele>
      </trkpt>
      <trkpt lat="40.445807" lon="140.541974">
        <ele>202.86</ele>
      </trkpt>
      <trkpt lat="40.445932" lon="140.541944">
        <ele>202.24</ele>
      </trkpt>
      <trkpt lat="40.446088" lon="140.541952">
        <ele>200.41</ele>
      </trkpt>
      <trkpt lat="40.446612" lon="140.542106">
        <ele>198.95</ele>
      </trkpt>
      <trkpt lat="40.44688" lon="140.54217">
        <ele>198.58</ele>
      </trkpt>
      <trkpt lat="40.446865" lon="140.542218">
        <ele>198.3</ele>
      </trkpt>
      <trkpt lat="40.446783" lon="140.542796">
        <ele>199</ele>
      </trkpt>
      <trkpt lat="40.44677" lon="140.543145">
        <ele>199.41</ele>
      </trkpt>
      <trkpt lat="40.446787" lon="140.5433">
        <ele>199.99</ele>
      </trkpt>
      <trkpt lat="40.446917" lon="140.543455">
        <ele>202.68</ele>
      </trkpt>
      <trkpt lat="40.447007" lon="140.543514">
        <ele>203.49</ele>
      </trkpt>
      <trkpt lat="40.447165" lon="140.54358">
        <ele>203.66</ele>
      </trkpt>
      <trkpt lat="40.447644" lon="140.543705">
        <ele>203.25</ele>
      </trkpt>
      <trkpt lat="40.447993" lon="140.543719">
        <ele>204.85</ele>
      </trkpt>
      <trkpt lat="40.448184" lon="140.543683">
        <ele>205.66</ele>
      </trkpt>
      <trkpt lat="40.448386" lon="140.543602">
        <ele>206.98</ele>
      </trkpt>
      <trkpt lat="40.448865" lon="140.543292">
        <ele>209.98</ele>
      </trkpt>
      <trkpt lat="40.449017" lon="140.543174">
        <ele>210.85</ele>
      </trkpt>
      <trkpt lat="40.449186" lon="140.54299">
        <ele>207.77</ele>
      </trkpt>
      <trkpt lat="40.449327" lon="140.542858">
        <ele>207.63</ele>
      </trkpt>
      <trkpt lat="40.449456" lon="140.542791">
        <ele>207.43</ele>
      </trkpt>
      <trkpt lat="40.449687" lon="140.54271">
        <ele>207.79</ele>
      </trkpt>
      <trkpt lat="40.449941" lon="140.542651">
        <ele>206.95</ele>
      </trkpt>
      <trkpt lat="40.450273" lon="140.542651">
        <ele>206.56</ele>
      </trkpt>
      <trkpt lat="40.450673" lon="140.542753">
        <ele>206.49</ele>
      </trkpt>
      <trkpt lat="40.451044" lon="140.542761">
        <ele>204.13</ele>
      </trkpt>
      <trkpt lat="40.451185" lon="140.542805">
        <ele>203.96</ele>
      </trkpt>
      <trkpt lat="40.451247" lon="140.542849">
        <ele>204.26</ele>
      </trkpt>
      <trkpt lat="40.451421" lon="140.543048">
        <ele>206.04</ele>
      </trkpt>
      <trkpt lat="40.451652" lon="140.54327">
        <ele>208.1</ele>
      </trkpt>
      <trkpt lat="40.451788" lon="140.543335">
        <ele>209.98</ele>
      </trkpt>
      <trkpt lat="40.451878" lon="140.54335">
        <ele>211.13</ele>
      </trkpt>
      <trkpt lat="40.452125" lon="140.543291">
        <ele>207.55</ele>
      </trkpt>
      <trkpt lat="40.452159" lon="140.543276">
        <ele>206.5</ele>
      </trkpt>
      <trkpt lat="40.452401" lon="140.543247">
        <ele>199.43</ele>
      </trkpt>
      <trkpt lat="40.452548" lon="140.543285">
        <ele>196.26</ele>
      </trkpt>
      <trkpt lat="40.452631" lon="140.543335">
        <ele>196.18</ele>
      </trkpt>
      <trkpt lat="40.452755" lon="140.543446">
        <ele>198.61</ele>
      </trkpt>
      <trkpt lat="40.453115" lon="140.543948">
        <ele>198.43</ele>
      </trkpt>
      <trkpt lat="40.453166" lon="140.544006">
        <ele>198.8</ele>
      </trkpt>
      <trkpt lat="40.453166" lon="140.54402">
        <ele>199.08</ele>
      </trkpt>
      <trkpt lat="40.453295" lon="140.544228">
        <ele>198.36</ele>
      </trkpt>
      <trkpt lat="40.453416" lon="140.544464">
        <ele>197.58</ele>
      </trkpt>
      <trkpt lat="40.453537" lon="140.544699">
        <ele>199.22</ele>
      </trkpt>
      <trkpt lat="40.453678" lon="140.545075">
        <ele>204.04</ele>
      </trkpt>
      <trkpt lat="40.453695" lon="140.545171">
        <ele>202.51</ele>
      </trkpt>
      <trkpt lat="40.453712" lon="140.545473">
        <ele>203.2</ele>
      </trkpt>
      <trkpt lat="40.453685" lon="140.545678">
        <ele>201.57</ele>
      </trkpt>
      <trkpt lat="40.453661" lon="140.545819">
        <ele>202.98</ele>
      </trkpt>
      <trkpt lat="40.453656" lon="140.545974">
        <ele>205.8</ele>
      </trkpt>
      <trkpt lat="40.453689" lon="140.546069">
        <ele>208.48</ele>
      </trkpt>
      <trkpt lat="40.45374" lon="140.546194">
        <ele>207.65</ele>
      </trkpt>
      <trkpt lat="40.453926" lon="140.546504">
        <ele>204.18</ele>
      </trkpt>
      <trkpt lat="40.45392" lon="140.5466">
        <ele>203.22</ele>
      </trkpt>
      <trkpt lat="40.453909" lon="140.546659">
        <ele>202.46</ele>
      </trkpt>
      <trkpt lat="40.453847" lon="140.546777">
        <ele>201.15</ele>
      </trkpt>
      <trkpt lat="40.453639" lon="140.547093">
        <ele>194.78</ele>
      </trkpt>
      <trkpt lat="40.453583" lon="140.547152">
        <ele>196.85</ele>
      </trkpt>
      <trkpt lat="40.453583" lon="140.547211">
        <ele>198.22</ele>
      </trkpt>
      <trkpt lat="40.453566" lon="140.547285">
        <ele>199.66</ele>
      </trkpt>
      <trkpt lat="40.453561" lon="140.547477">
        <ele>200.64</ele>
      </trkpt>
      <trkpt lat="40.453578" lon="140.547683">
        <ele>199.2</ele>
      </trkpt>
      <trkpt lat="40.453618" lon="140.547786">
        <ele>196.9</ele>
      </trkpt>
      <trkpt lat="40.453651" lon="140.547833">
        <ele>193.93</ele>
      </trkpt>
      <trkpt lat="40.454106" lon="140.548012">
        <ele>199.99</ele>
      </trkpt>
      <trkpt lat="40.454185" lon="140.548044">
        <ele>202.99</ele>
      </trkpt>
      <trkpt lat="40.454399" lon="140.548021">
        <ele>204.05</ele>
      </trkpt>
      <trkpt lat="40.454455" lon="140.547992">
        <ele>204.79</ele>
      </trkpt>
      <trkpt lat="40.45459" lon="140.547859">
        <ele>207.15</ele>
      </trkpt>
      <trkpt lat="40.454765" lon="140.547631">
        <ele>204.62</ele>
      </trkpt>
      <trkpt lat="40.454838" lon="140.547499">
        <ele>207.23</ele>
      </trkpt>
      <trkpt lat="40.454969" lon="140.547101">
        <ele>209.76</ele>
      </trkpt>
      <trkpt lat="40.455035" lon="140.546858">
        <ele>207.9</ele>
      </trkpt>
      <trkpt lat="40.455047" lon="140.54685">
        <ele>208.42</ele>
      </trkpt>
      <trkpt lat="40.45507" lon="140.546784">
        <ele>207.33</ele>
      </trkpt>
      <trkpt lat="40.455142" lon="140.546644">
        <ele>205.74</ele>
      </trkpt>
      <trkpt lat="40.455295" lon="140.546474">
        <ele>207.32</ele>
      </trkpt>
      <trkpt lat="40.455582" lon="140.54629">
        <ele>209.06</ele>
      </trkpt>
      <trkpt lat="40.455767" lon="140.546202">
        <ele>207.51</ele>
      </trkpt>
      <trkpt lat="40.455926" lon="140.546158">
        <ele>207.3</ele>
      </trkpt>
      <trkpt lat="40.456233" lon="140.546143">
        <ele>210.62</ele>
      </trkpt>
      <trkpt lat="40.456539" lon="140.546128">
        <ele>209.31</ele>
      </trkpt>
      <trkpt lat="40.456883" lon="140.546136">
        <ele>208.37</ele>
      </trkpt>
      <trkpt lat="40.457035" lon="140.546172">
        <ele>208.69</ele>
      </trkpt>
      <trkpt lat="40.457187" lon="140.546246">
        <ele>206.69</ele>
      </trkpt>
      <trkpt lat="40.457294" lon="140.546319">
        <ele>202.41</ele>
      </trkpt>
      <trkpt lat="40.457367" lon="140.546393">
        <ele>201.73</ele>
      </trkpt>
      <trkpt lat="40.457469" lon="140.546467">
        <ele>203.49</ele>
      </trkpt>
      <trkpt lat="40.45757" lon="140.546482">
        <ele>205.94</ele>
      </trkpt>
      <trkpt lat="40.45766" lon="140.546467">
        <ele>207.24</ele>
      </trkpt>
      <trkpt lat="40.457908" lon="140.546312">
        <ele>206.18</ele>
      </trkpt>
      <trkpt lat="40.457992" lon="140.546275">
        <ele>203.87</ele>
      </trkpt>
      <trkpt lat="40.458183" lon="140.546261">
        <ele>202.91</ele>
      </trkpt>
      <trkpt lat="40.458386" lon="140.546261">
        <ele>202.47</ele>
      </trkpt>
      <trkpt lat="40.458488" lon="140.546275">
        <ele>202.11</ele>
      </trkpt>
      <trkpt lat="40.458713" lon="140.54643">
        <ele>200.96</ele>
      </trkpt>
      <trkpt lat="40.458769" lon="140.546445">
        <ele>201.34</ele>
      </trkpt>
      <trkpt lat="40.458955" lon="140.546408">
        <ele>202.95</ele>
      </trkpt>
      <trkpt lat="40.459073" lon="140.546401">
        <ele>203.19</ele>
      </trkpt>
      <trkpt lat="40.459231" lon="140.546452">
        <ele>203.33</ele>
      </trkpt>
      <trkpt lat="40.459603" lon="140.546644">
        <ele>204.34</ele>
      </trkpt>
      <trkpt lat="40.459721" lon="140.546732">
        <ele>204.03</ele>
      </trkpt>
      <trkpt lat="40.459816" lon="140.546858">
        <ele>203.35</ele>
      </trkpt>
      <trkpt lat="40.459906" lon="140.547078">
        <ele>202.76</ele>
      </trkpt>
      <trkpt lat="40.45998" lon="140.547373">
        <ele>205.08</ele>
      </trkpt>
      <trkpt lat="40.460008" lon="140.547653">
        <ele>206.36</ele>
      </trkpt>
      <trkpt lat="40.460047" lon="140.548285">
        <ele>202.35</ele>
      </trkpt>
      <trkpt lat="40.460036" lon="140.548994">
        <ele>205.17</ele>
      </trkpt>
      <trkpt lat="40.460059" lon="140.549081">
        <ele>205.54</ele>
      </trkpt>
      <trkpt lat="40.460121" lon="140.549162">
        <ele>204.37</ele>
      </trkpt>
      <trkpt lat="40.460177" lon="140.549185">
        <ele>203.16</ele>
      </trkpt>
      <trkpt lat="40.460267" lon="140.549192">
        <ele>204.54</ele>
      </trkpt>
      <trkpt lat="40.460346" lon="140.549134">
        <ele>207.74</ele>
      </trkpt>
      <trkpt lat="40.460402" lon="140.54906">
        <ele>211.63</ele>
      </trkpt>
      <trkpt lat="40.460453" lon="140.548935">
        <ele>215.29</ele>
      </trkpt>
      <trkpt lat="40.460498" lon="140.548558">
        <ele>211.91</ele>
      </trkpt>
      <trkpt lat="40.460577" lon="140.548241">
        <ele>208.9</ele>
      </trkpt>
      <trkpt lat="40.460734" lon="140.54777">
        <ele>214.71</ele>
      </trkpt>
      <trkpt lat="40.460785" lon="140.547519">
        <ele>215.29</ele>
      </trkpt>
      <trkpt lat="40.460791" lon="140.54724">
        <ele>212.31</ele>
      </trkpt>
      <trkpt lat="40.460796" lon="140.54696">
        <ele>204.92</ele>
      </trkpt>
      <trkpt lat="40.460852" lon="140.546658">
        <ele>201.86</ele>
      </trkpt>
      <trkpt lat="40.46088" lon="140.546563">
        <ele>202.17</ele>
      </trkpt>
      <trkpt lat="40.460937" lon="140.546459">
        <ele>204.11</ele>
      </trkpt>
      <trkpt lat="40.460987" lon="140.546408">
        <ele>205.81</ele>
      </trkpt>
      <trkpt lat="40.4611" lon="140.546334">
        <ele>207.05</ele>
      </trkpt>
      <trkpt lat="40.461331" lon="140.546327">
        <ele>202.56</ele>
      </trkpt>
      <trkpt lat="40.461398" lon="140.546356">
        <ele>201.76</ele>
      </trkpt>
      <trkpt lat="40.461477" lon="140.546371">
        <ele>200.08</ele>
      </trkpt>
      <trkpt lat="40.461579" lon="140.546444">
        <ele>202.36</ele>
      </trkpt>
      <trkpt lat="40.461658" lon="140.546525">
        <ele>203.31</ele>
      </trkpt>
      <trkpt lat="40.461786" lon="140.546753">
        <ele>203.34</ele>
      </trkpt>
      <trkpt lat="40.461865" lon="140.546952">
        <ele>204</ele>
      </trkpt>
      <trkpt lat="40.461945" lon="140.547202">
        <ele>205.54</ele>
      </trkpt>
      <trkpt lat="40.461977" lon="140.54735">
        <ele>206.37</ele>
      </trkpt>
      <trkpt lat="40.462006" lon="140.547409">
        <ele>205.38</ele>
      </trkpt>
      <trkpt lat="40.462163" lon="140.547947">
        <ele>206.71</ele>
      </trkpt>
      <trkpt lat="40.462298" lon="140.548285">
        <ele>204.8</ele>
      </trkpt>
      <trkpt lat="40.462388" lon="140.548434">
        <ele>204.54</ele>
      </trkpt>
      <trkpt lat="40.46244" lon="140.548485">
        <ele>208.26</ele>
      </trkpt>
      <trkpt lat="40.462501" lon="140.548499">
        <ele>211.94</ele>
      </trkpt>
      <trkpt lat="40.462552" lon="140.548485">
        <ele>214.49</ele>
      </trkpt>
      <trkpt lat="40.462591" lon="140.548449">
        <ele>215.79</ele>
      </trkpt>
      <trkpt lat="40.462631" lon="140.548367">
        <ele>215.09</ele>
      </trkpt>
      <trkpt lat="40.462721" lon="140.547977">
        <ele>209.34</ele>
      </trkpt>
      <trkpt lat="40.462766" lon="140.547844">
        <ele>208.76</ele>
      </trkpt>
      <trkpt lat="40.462912" lon="140.547579">
        <ele>212.99</ele>
      </trkpt>
      <trkpt lat="40.46298" lon="140.547431">
        <ele>210.11</ele>
      </trkpt>
      <trkpt lat="40.463137" lon="140.547136">
        <ele>205.34</ele>
      </trkpt>
      <trkpt lat="40.463216" lon="140.54707">
        <ele>206.2</ele>
      </trkpt>
      <trkpt lat="40.46342" lon="140.54699">
        <ele>211.71</ele>
      </trkpt>
      <trkpt lat="40.463807" lon="140.546857">
        <ele>207.56</ele>
      </trkpt>
      <trkpt lat="40.464225" lon="140.546769">
        <ele>204.46</ele>
      </trkpt>
      <trkpt lat="40.464467" lon="140.546739">
        <ele>201.2</ele>
      </trkpt>
      <trkpt lat="40.46458" lon="140.546827">
        <ele>199.74</ele>
      </trkpt>
      <trkpt lat="40.46463" lon="140.546909">
        <ele>198.15</ele>
      </trkpt>
      <trkpt lat="40.464625" lon="140.5471">
        <ele>197.3</ele>
      </trkpt>
      <trkpt lat="40.464557" lon="140.547387">
        <ele>196.86</ele>
      </trkpt>
      <trkpt lat="40.464489" lon="140.547519">
        <ele>197.52</ele>
      </trkpt>
      <trkpt lat="40.464394" lon="140.547645">
        <ele>198.4</ele>
      </trkpt>
      <trkpt lat="40.464315" lon="140.547719">
        <ele>199.19</ele>
      </trkpt>
      <trkpt lat="40.464156" lon="140.547905">
        <ele>196.91</ele>
      </trkpt>
      <trkpt lat="40.464073" lon="140.54802">
        <ele>196.8</ele>
      </trkpt>
      <trkpt lat="40.463925" lon="140.548322">
        <ele>198.97</ele>
      </trkpt>
      <trkpt lat="40.463842" lon="140.548437">
        <ele>202.64</ele>
      </trkpt>
      <trkpt lat="40.463785" lon="140.548529">
        <ele>202.11</ele>
      </trkpt>
      <trkpt lat="40.463645" lon="140.548712">
        <ele>199.63</ele>
      </trkpt>
      <trkpt lat="40.463441" lon="140.548957">
        <ele>201.21</ele>
      </trkpt>
      <trkpt lat="40.463368" lon="140.54906">
        <ele>201.96</ele>
      </trkpt>
      <trkpt lat="40.46329" lon="140.549237">
        <ele>202.34</ele>
      </trkpt>
      <trkpt lat="40.463233" lon="140.549575">
        <ele>201.22</ele>
      </trkpt>
      <trkpt lat="40.463222" lon="140.549819">
        <ele>203.09</ele>
      </trkpt>
      <trkpt lat="40.463345" lon="140.549795">
        <ele>201.48</ele>
      </trkpt>
      <trkpt lat="40.463402" lon="140.549752">
        <ele>202.93</ele>
      </trkpt>
      <trkpt lat="40.463475" lon="140.549642">
        <ele>203.59</ele>
      </trkpt>
      <trkpt lat="40.463672" lon="140.549237">
        <ele>199.91</ele>
      </trkpt>
      <trkpt lat="40.463751" lon="140.549132">
        <ele>199.83</ele>
      </trkpt>
      <trkpt lat="40.463813" lon="140.549067">
        <ele>200.12</ele>
      </trkpt>
      <trkpt lat="40.464072" lon="140.548882">
        <ele>201.92</ele>
      </trkpt>
      <trkpt lat="40.464309" lon="140.548669">
        <ele>199.76</ele>
      </trkpt>
      <trkpt lat="40.464529" lon="140.548499">
        <ele>202.35</ele>
      </trkpt>
      <trkpt lat="40.464991" lon="140.54819">
        <ele>204.47</ele>
      </trkpt>
      <trkpt lat="40.46525" lon="140.547984">
        <ele>206.15</ele>
      </trkpt>
      <trkpt lat="40.465486" lon="140.547762">
        <ele>205.32</ele>
      </trkpt>
      <trkpt lat="40.465751" lon="140.54757">
        <ele>205.93</ele>
      </trkpt>
      <trkpt lat="40.465835" lon="140.547439">
        <ele>204.59</ele>
      </trkpt>
      <trkpt lat="40.465891" lon="140.547284">
        <ele>203.68</ele>
      </trkpt>
      <trkpt lat="40.465931" lon="140.547225">
        <ele>203.92</ele>
      </trkpt>
      <trkpt lat="40.465948" lon="140.54718">
        <ele>204.08</ele>
      </trkpt>
      <trkpt lat="40.465987" lon="140.547122">
        <ele>204.86</ele>
      </trkpt>
      <trkpt lat="40.466049" lon="140.547055">
        <ele>205.54</ele>
      </trkpt>
      <trkpt lat="40.466246" lon="140.547055">
        <ele>209.99</ele>
      </trkpt>
      <trkpt lat="40.466483" lon="140.547089">
        <ele>209.24</ele>
      </trkpt>
      <trkpt lat="40.466849" lon="140.547144">
        <ele>203.47</ele>
      </trkpt>
      <trkpt lat="40.466995" lon="140.547202">
        <ele>201.68</ele>
      </trkpt>
      <trkpt lat="40.46717" lon="140.547299">
        <ele>200.32</ele>
      </trkpt>
      <trkpt lat="40.467265" lon="140.547424">
        <ele>197.91</ele>
      </trkpt>
      <trkpt lat="40.467294" lon="140.547483">
        <ele>196.38</ele>
      </trkpt>
      <trkpt lat="40.467451" lon="140.54805">
        <ele>188.78</ele>
      </trkpt>
      <trkpt lat="40.467451" lon="140.548286">
        <ele>187.01</ele>
      </trkpt>
      <trkpt lat="40.467412" lon="140.548411">
        <ele>185.75</ele>
      </trkpt>
      <trkpt lat="40.467215" lon="140.548809">
        <ele>182.14</ele>
      </trkpt>
      <trkpt lat="40.467175" lon="140.548934">
        <ele>183.09</ele>
      </trkpt>
      <trkpt lat="40.467158" lon="140.549045">
        <ele>183.31</ele>
      </trkpt>
      <trkpt lat="40.467153" lon="140.549229">
        <ele>182.81</ele>
      </trkpt>
      <trkpt lat="40.467186" lon="140.549288">
        <ele>182.06</ele>
      </trkpt>
      <trkpt lat="40.467186" lon="140.549303">
        <ele>182.06</ele>
      </trkpt>
      <trkpt lat="40.467232" lon="140.549354">
        <ele>181</ele>
      </trkpt>
      <trkpt lat="40.467232" lon="140.549369">
        <ele>181</ele>
      </trkpt>
      <trkpt lat="40.467344" lon="140.549376">
        <ele>182.91</ele>
      </trkpt>
      <trkpt lat="40.467395" lon="140.549354">
        <ele>182.73</ele>
      </trkpt>
      <trkpt lat="40.467609" lon="140.549177">
        <ele>185.58</ele>
      </trkpt>
      <trkpt lat="40.467834" lon="140.548934">
        <ele>185.79</ele>
      </trkpt>
      <trkpt lat="40.467936" lon="140.548765">
        <ele>181.16</ele>
      </trkpt>
      <trkpt lat="40.468008" lon="140.548588">
        <ele>180.34</ele>
      </trkpt>
      <trkpt lat="40.468059" lon="140.548271">
        <ele>176.88</ele>
      </trkpt>
      <trkpt lat="40.468172" lon="140.547336">
        <ele>165.83</ele>
      </trkpt>
      <trkpt lat="40.468228" lon="140.547093">
        <ele>165</ele>
      </trkpt>
      <trkpt lat="40.468256" lon="140.547034">
        <ele>165.05</ele>
      </trkpt>
      <trkpt lat="40.468419" lon="140.546849">
        <ele>163.97</ele>
      </trkpt>
      <trkpt lat="40.468588" lon="140.546745">
        <ele>162.48</ele>
      </trkpt>
      <trkpt lat="40.468814" lon="140.546687">
        <ele>162.05</ele>
      </trkpt>
      <trkpt lat="40.468983" lon="140.54668">
        <ele>161.55</ele>
      </trkpt>
      <trkpt lat="40.469405" lon="140.546717">
        <ele>155.51</ele>
      </trkpt>
      <trkpt lat="40.469681" lon="140.546923">
        <ele>154.77</ele>
      </trkpt>
      <trkpt lat="40.46985" lon="140.547144">
        <ele>155.35</ele>
      </trkpt>
      <trkpt lat="40.469855" lon="140.547166">
        <ele>155.75</ele>
      </trkpt>
      <trkpt lat="40.469946" lon="140.547299">
        <ele>156.07</ele>
      </trkpt>
      <trkpt lat="40.470125" lon="140.547534">
        <ele>156.15</ele>
      </trkpt>
      <trkpt lat="40.470356" lon="140.547755">
        <ele>155.95</ele>
      </trkpt>
      <trkpt lat="40.470744" lon="140.548013">
        <ele>155.29</ele>
      </trkpt>
      <trkpt lat="40.470935" lon="140.548087">
        <ele>153.7</ele>
      </trkpt>
      <trkpt lat="40.471262" lon="140.548175">
        <ele>151.75</ele>
      </trkpt>
      <trkpt lat="40.471544" lon="140.548293">
        <ele>150.2</ele>
      </trkpt>
      <trkpt lat="40.471865" lon="140.548455">
        <ele>149.34</ele>
      </trkpt>
      <trkpt lat="40.472029" lon="140.548514">
        <ele>151.48</ele>
      </trkpt>
      <trkpt lat="40.47218" lon="140.548499">
        <ele>152.2</ele>
      </trkpt>
      <trkpt lat="40.47227" lon="140.54847">
        <ele>151.83</ele>
      </trkpt>
      <trkpt lat="40.472412" lon="140.548455">
        <ele>151.86</ele>
      </trkpt>
      <trkpt lat="40.472507" lon="140.548522">
        <ele>153.12</ele>
      </trkpt>
      <trkpt lat="40.47258" lon="140.548603">
        <ele>153.1</ele>
      </trkpt>
      <trkpt lat="40.472692" lon="140.548772">
        <ele>154.04</ele>
      </trkpt>
      <trkpt lat="40.472749" lon="140.548809">
        <ele>152.77</ele>
      </trkpt>
      <trkpt lat="40.472957" lon="140.548905">
        <ele>151.41</ele>
      </trkpt>
      <trkpt lat="40.473109" lon="140.549008">
        <ele>151.3</ele>
      </trkpt>
      <trkpt lat="40.473245" lon="140.549133">
        <ele>150.95</ele>
      </trkpt>
      <trkpt lat="40.473447" lon="140.549391">
        <ele>151.52</ele>
      </trkpt>
      <trkpt lat="40.473655" lon="140.549722">
        <ele>151.16</ele>
      </trkpt>
      <trkpt lat="40.47378" lon="140.549951">
        <ele>151.17</ele>
      </trkpt>
      <trkpt lat="40.473994" lon="140.550238">
        <ele>151.83</ele>
      </trkpt>
      <trkpt lat="40.47423" lon="140.550481">
        <ele>152.55</ele>
      </trkpt>
      <trkpt lat="40.474433" lon="140.550628">
        <ele>151.5</ele>
      </trkpt>
      <trkpt lat="40.474636" lon="140.550731">
        <ele>152.04</ele>
      </trkpt>
      <trkpt lat="40.474765" lon="140.55076">
        <ele>150.94</ele>
      </trkpt>
      <trkpt lat="40.474883" lon="140.550768">
        <ele>149.16</ele>
      </trkpt>
      <trkpt lat="40.47503" lon="140.550731">
        <ele>147.72</ele>
      </trkpt>
      <trkpt lat="40.475171" lon="140.550642">
        <ele>146.78</ele>
      </trkpt>
      <trkpt lat="40.475458" lon="140.550414">
        <ele>145.35</ele>
      </trkpt>
      <trkpt lat="40.47557" lon="140.550421">
        <ele>144.67</ele>
      </trkpt>
      <trkpt lat="40.475857" lon="140.55062">
        <ele>144.05</ele>
      </trkpt>
      <trkpt lat="40.476184" lon="140.550966">
        <ele>141.75</ele>
      </trkpt>
      <trkpt lat="40.476392" lon="140.551128">
        <ele>142.02</ele>
      </trkpt>
      <trkpt lat="40.476657" lon="140.551283">
        <ele>143.41</ele>
      </trkpt>
      <trkpt lat="40.476809" lon="140.551393">
        <ele>143.81</ele>
      </trkpt>
      <trkpt lat="40.477659" lon="140.552087">
        <ele>141</ele>
      </trkpt>
      <trkpt lat="40.477727" lon="140.552153">
        <ele>140.79</ele>
      </trkpt>
      <trkpt lat="40.477991" lon="140.552374">
        <ele>139.94</ele>
      </trkpt>
      <trkpt lat="40.478909" lon="140.553089">
        <ele>138.68</ele>
      </trkpt>
      <trkpt lat="40.479618" lon="140.5537">
        <ele>137.15</ele>
      </trkpt>
      <trkpt lat="40.480366" lon="140.554275">
        <ele>136</ele>
      </trkpt>
      <trkpt lat="40.480794" lon="140.554621">
        <ele>136</ele>
      </trkpt>
      <trkpt lat="40.480997" lon="140.55482">
        <ele>135.77</ele>
      </trkpt>
      <trkpt lat="40.481368" lon="140.555284">
        <ele>134.96</ele>
      </trkpt>
      <trkpt lat="40.481532" lon="140.555454">
        <ele>134.46</ele>
      </trkpt>
      <trkpt lat="40.482113" lon="140.555903">
        <ele>133</ele>
      </trkpt>
      <trkpt lat="40.482484" lon="140.55622">
        <ele>132.05</ele>
      </trkpt>
      <trkpt lat="40.482552" lon="140.556293">
        <ele>132</ele>
      </trkpt>
      <trkpt lat="40.482788" lon="140.556477">
        <ele>131.46</ele>
      </trkpt>
      <trkpt lat="40.483464" lon="140.556882">
        <ele>130</ele>
      </trkpt>
      <trkpt lat="40.483816" lon="140.557067">
        <ele>128.24</ele>
      </trkpt>
      <trkpt lat="40.483924" lon="140.557115">
        <ele>127.82</ele>
      </trkpt>
      <trkpt lat="40.484303" lon="140.55722">
        <ele>126.52</ele>
      </trkpt>
      <trkpt lat="40.484962" lon="140.55742">
        <ele>128.05</ele>
      </trkpt>
      <trkpt lat="40.48535" lon="140.557567">
        <ele>129.94</ele>
      </trkpt>
      <trkpt lat="40.485457" lon="140.557627">
        <ele>130.2</ele>
      </trkpt>
      <trkpt lat="40.485536" lon="140.557677">
        <ele>130.06</ele>
      </trkpt>
      <trkpt lat="40.48566" lon="140.5577">
        <ele>130</ele>
      </trkpt>
      <trkpt lat="40.485767" lon="140.557752">
        <ele>130.05</ele>
      </trkpt>
      <trkpt lat="40.486313" lon="140.558075">
        <ele>134.31</ele>
      </trkpt>
      <trkpt lat="40.486482" lon="140.558135">
        <ele>132.2</ele>
      </trkpt>
      <trkpt lat="40.486668" lon="140.558172">
        <ele>130.41</ele>
      </trkpt>
      <trkpt lat="40.486921" lon="140.558163">
        <ele>129.9</ele>
      </trkpt>
      <trkpt lat="40.487068" lon="140.558105">
        <ele>130.64</ele>
      </trkpt>
      <trkpt lat="40.487478" lon="140.557854">
        <ele>129</ele>
      </trkpt>
      <trkpt lat="40.487602" lon="140.557817">
        <ele>129</ele>
      </trkpt>
      <trkpt lat="40.488109" lon="140.557818">
        <ele>127.6</ele>
      </trkpt>
      <trkpt lat="40.488641" lon="140.557863">
        <ele>126.15</ele>
      </trkpt>
      <trkpt lat="40.488862" lon="140.557877">
        <ele>123.43</ele>
      </trkpt>
      <trkpt lat="40.489217" lon="140.557929">
        <ele>122.91</ele>
      </trkpt>
      <trkpt lat="40.489772" lon="140.557929">
        <ele>119.72</ele>
      </trkpt>
      <trkpt lat="40.490258" lon="140.557748">
        <ele>120.01</ele>
      </trkpt>
      <trkpt lat="40.490487" lon="140.557668">
        <ele>122.29</ele>
      </trkpt>
      <trkpt lat="40.491172" lon="140.557428">
        <ele>120.75</ele>
      </trkpt>
      <trkpt lat="40.491436" lon="140.557288">
        <ele>120.03</ele>
      </trkpt>
      <trkpt lat="40.492067" lon="140.556912">
        <ele>119.77</ele>
      </trkpt>
      <trkpt lat="40.492219" lon="140.556838">
        <ele>120.2</ele>
      </trkpt>
      <trkpt lat="40.492388" lon="140.556823">
        <ele>120.82</ele>
      </trkpt>
      <trkpt lat="40.492557" lon="140.55689">
        <ele>121.13</ele>
      </trkpt>
      <trkpt lat="40.492759" lon="140.557037">
        <ele>121.07</ele>
      </trkpt>
      <trkpt lat="40.493222" lon="140.55742">
        <ele>123.25</ele>
      </trkpt>
      <trkpt lat="40.493454" lon="140.557611">
        <ele>122.8</ele>
      </trkpt>
      <trkpt lat="40.493685" lon="140.557802">
        <ele>118.97</ele>
      </trkpt>
      <trkpt lat="40.493897" lon="140.55792">
        <ele>117.02</ele>
      </trkpt>
      <trkpt lat="40.494254" lon="140.558045">
        <ele>115.28</ele>
      </trkpt>
      <trkpt lat="40.494597" lon="140.55811">
        <ele>113.89</ele>
      </trkpt>
      <trkpt lat="40.494904" lon="140.558092">
        <ele>114</ele>
      </trkpt>
      <trkpt lat="40.495181" lon="140.558039">
        <ele>114</ele>
      </trkpt>
      <trkpt lat="40.495462" lon="140.55795">
        <ele>113.83</ele>
      </trkpt>
      <trkpt lat="40.495986" lon="140.557751">
        <ele>112.21</ele>
      </trkpt>
      <trkpt lat="40.496127" lon="140.557729">
        <ele>112.12</ele>
      </trkpt>
      <trkpt lat="40.4962" lon="140.557744">
        <ele>112.03</ele>
      </trkpt>
      <trkpt lat="40.496711" lon="140.55795">
        <ele>111.83</ele>
      </trkpt>
      <trkpt lat="40.497029" lon="140.55809">
        <ele>112.17</ele>
      </trkpt>
      <trkpt lat="40.497347" lon="140.55823">
        <ele>109.21</ele>
      </trkpt>
      <trkpt lat="40.497619" lon="140.558318">
        <ele>107.5</ele>
      </trkpt>
      <trkpt lat="40.497759" lon="140.558341">
        <ele>106.85</ele>
      </trkpt>
      <trkpt lat="40.497945" lon="140.558333">
        <ele>106.6</ele>
      </trkpt>
      <trkpt lat="40.498226" lon="140.55827">
        <ele>106.08</ele>
      </trkpt>
      <trkpt lat="40.498382" lon="140.558181">
        <ele>106</ele>
      </trkpt>
      <trkpt lat="40.498547" lon="140.558061">
        <ele>106</ele>
      </trkpt>
      <trkpt lat="40.498671" lon="140.557935">
        <ele>105.71</ele>
      </trkpt>
      <trkpt lat="40.499305" lon="140.557183">
        <ele>103.83</ele>
      </trkpt>
      <trkpt lat="40.499538" lon="140.556926">
        <ele>103.04</ele>
      </trkpt>
      <trkpt lat="40.49973" lon="140.556764">
        <ele>104.03</ele>
      </trkpt>
      <trkpt lat="40.499854" lon="140.556705">
        <ele>105.87</ele>
      </trkpt>
      <trkpt lat="40.50004" lon="140.55672">
        <ele>109.3</ele>
      </trkpt>
      <trkpt lat="40.500102" lon="140.556742">
        <ele>110.43</ele>
      </trkpt>
      <trkpt lat="40.500214" lon="140.556896">
        <ele>109.42</ele>
      </trkpt>
      <trkpt lat="40.50055" lon="140.557469">
        <ele>105.18</ele>
      </trkpt>
      <trkpt lat="40.50083" lon="140.55805">
        <ele>102.29</ele>
      </trkpt>
      <trkpt lat="40.501042" lon="140.558393">
        <ele>101.7</ele>
      </trkpt>
      <trkpt lat="40.501223" lon="140.558624">
        <ele>101.74</ele>
      </trkpt>
      <trkpt lat="40.50147" lon="140.558775">
        <ele>101.73</ele>
      </trkpt>
      <trkpt lat="40.501955" lon="140.558901">
        <ele>103</ele>
      </trkpt>
      <trkpt lat="40.502729" lon="140.559046">
        <ele>105.3</ele>
      </trkpt>
      <trkpt lat="40.502992" lon="140.559134">
        <ele>103.95</ele>
      </trkpt>
      <trkpt lat="40.503312" lon="140.559088">
        <ele>104.21</ele>
      </trkpt>
      <trkpt lat="40.503743" lon="140.559074">
        <ele>105.66</ele>
      </trkpt>
      <trkpt lat="40.503833" lon="140.559105">
        <ele>105.93</ele>
      </trkpt>
      <trkpt lat="40.503863" lon="140.559093">
        <ele>106.17</ele>
      </trkpt>
      <trkpt lat="40.504192" lon="140.559138">
        <ele>104.93</ele>
      </trkpt>
      <trkpt lat="40.504282" lon="140.559163">
        <ele>104.95</ele>
      </trkpt>
      <trkpt lat="40.504488" lon="140.559259">
        <ele>104.97</ele>
      </trkpt>
      <trkpt lat="40.504811" lon="140.55944">
        <ele>106.35</ele>
      </trkpt>
      <trkpt lat="40.505036" lon="140.559592">
        <ele>109.66</ele>
      </trkpt>
      <trkpt lat="40.505231" lon="140.559755">
        <ele>113.88</ele>
      </trkpt>
      <trkpt lat="40.505388" lon="140.559836">
        <ele>118.14</ele>
      </trkpt>
      <trkpt lat="40.50569" lon="140.559921">
        <ele>127.08</ele>
      </trkpt>
      <trkpt lat="40.505705" lon="140.559935">
        <ele>127.75</ele>
      </trkpt>
      <trkpt lat="40.505746" lon="140.559935">
        <ele>128.38</ele>
      </trkpt>
      <trkpt lat="40.505971" lon="140.560035">
        <ele>129.36</ele>
      </trkpt>
      <trkpt lat="40.505998" lon="140.560035">
        <ele>128.6</ele>
      </trkpt>
      <trkpt lat="40.506088" lon="140.560079">
        <ele>127.06</ele>
      </trkpt>
      <trkpt lat="40.50623" lon="140.560174">
        <ele>122.34</ele>
      </trkpt>
      <trkpt lat="40.506299" lon="140.560226">
        <ele>122.31</ele>
      </trkpt>
      <trkpt lat="40.506572" lon="140.560532">
        <ele>118.1</ele>
      </trkpt>
      <trkpt lat="40.506606" lon="140.560557">
        <ele>117.34</ele>
      </trkpt>
      <trkpt lat="40.506654" lon="140.560621">
        <ele>117.39</ele>
      </trkpt>
      <trkpt lat="40.506786" lon="140.560742">
        <ele>114.24</ele>
      </trkpt>
      <trkpt lat="40.506859" lon="140.560787">
        <ele>112.6</ele>
      </trkpt>
      <trkpt lat="40.506921" lon="140.560809">
        <ele>110.94</ele>
      </trkpt>
      <trkpt lat="40.507011" lon="140.560824">
        <ele>108.42</ele>
      </trkpt>
      <trkpt lat="40.507107" lon="140.56082">
        <ele>106.96</ele>
      </trkpt>
      <trkpt lat="40.507247" lon="140.560787">
        <ele>103.77</ele>
      </trkpt>
      <trkpt lat="40.507456" lon="140.560721">
        <ele>98.82</ele>
      </trkpt>
      <trkpt lat="40.507518" lon="140.560691">
        <ele>97.89</ele>
      </trkpt>
      <trkpt lat="40.507608" lon="140.560666">
        <ele>97.44</ele>
      </trkpt>
      <trkpt lat="40.507625" lon="140.560647">
        <ele>97.55</ele>
      </trkpt>
      <trkpt lat="40.507695" lon="140.560621">
        <ele>97.6</ele>
      </trkpt>
      <trkpt lat="40.507785" lon="140.560617">
        <ele>97.64</ele>
      </trkpt>
      <trkpt lat="40.507853" lon="140.56064">
        <ele>96.85</ele>
      </trkpt>
      <trkpt lat="40.508078" lon="140.560765">
        <ele>94.93</ele>
      </trkpt>
      <trkpt lat="40.508182" lon="140.560809">
        <ele>94.37</ele>
      </trkpt>
      <trkpt lat="40.508416" lon="140.560935">
        <ele>91.56</ele>
      </trkpt>
      <trkpt lat="40.508889" lon="140.561162">
        <ele>86.78</ele>
      </trkpt>
      <trkpt lat="40.5094" lon="140.561409">
        <ele>86.46</ele>
      </trkpt>
      <trkpt lat="40.509841" lon="140.561579">
        <ele>84.46</ele>
      </trkpt>
      <trkpt lat="40.510121" lon="140.561672">
        <ele>84</ele>
      </trkpt>
      <trkpt lat="40.510326" lon="140.561496">
        <ele>83.66</ele>
      </trkpt>
      <trkpt lat="40.511008" lon="140.560958">
        <ele>83.23</ele>
      </trkpt>
      <trkpt lat="40.511244" lon="140.56081">
        <ele>83</ele>
      </trkpt>
      <trkpt lat="40.511373" lon="140.560759">
        <ele>82.55</ele>
      </trkpt>
      <trkpt lat="40.511513" lon="140.560736">
        <ele>82.27</ele>
      </trkpt>
      <trkpt lat="40.511812" lon="140.560744">
        <ele>81.62</ele>
      </trkpt>
      <trkpt lat="40.512451" lon="140.560859">
        <ele>81.84</ele>
      </trkpt>
      <trkpt lat="40.512701" lon="140.560913">
        <ele>80.84</ele>
      </trkpt>
      <trkpt lat="40.513095" lon="140.560906">
        <ele>81</ele>
      </trkpt>
      <trkpt lat="40.513529" lon="140.560825">
        <ele>80.01</ele>
      </trkpt>
      <trkpt lat="40.513935" lon="140.560825">
        <ele>81.25</ele>
      </trkpt>
      <trkpt lat="40.515106" lon="140.561039">
        <ele>78.62</ele>
      </trkpt>
      <trkpt lat="40.515239" lon="140.561099">
        <ele>77.57</ele>
      </trkpt>
      <trkpt lat="40.515389" lon="140.561126">
        <ele>77.67</ele>
      </trkpt>
      <trkpt lat="40.516119" lon="140.56144">
        <ele>75.96</ele>
      </trkpt>
      <trkpt lat="40.517031" lon="140.561689">
        <ele>76</ele>
      </trkpt>
      <trkpt lat="40.517588" lon="140.561906">
        <ele>75</ele>
      </trkpt>
      <trkpt lat="40.517878" lon="140.562035">
        <ele>75</ele>
      </trkpt>
      <trkpt lat="40.518077" lon="140.56209">
        <ele>75</ele>
      </trkpt>
      <trkpt lat="40.518437" lon="140.562176">
        <ele>74.74</ele>
      </trkpt>
      <trkpt lat="40.518568" lon="140.562187">
        <ele>74.9</ele>
      </trkpt>
      <trkpt lat="40.518754" lon="140.562181">
        <ele>74.1</ele>
      </trkpt>
      <trkpt lat="40.518847" lon="140.562149">
        <ele>74</ele>
      </trkpt>
      <trkpt lat="40.518932" lon="140.562132">
        <ele>74</ele>
      </trkpt>
      <trkpt lat="40.519019" lon="140.562134">
        <ele>74</ele>
      </trkpt>
      <trkpt lat="40.51927" lon="140.562172">
        <ele>73.11</ele>
      </trkpt>
      <trkpt lat="40.51941" lon="140.562209">
        <ele>73</ele>
      </trkpt>
      <trkpt lat="40.519642" lon="140.562295">
        <ele>73.43</ele>
      </trkpt>
      <trkpt lat="40.519859" lon="140.562352">
        <ele>72.92</ele>
      </trkpt>
      <trkpt lat="40.520178" lon="140.562406">
        <ele>72.22</ele>
      </trkpt>
      <trkpt lat="40.52057" lon="140.562447">
        <ele>73.24</ele>
      </trkpt>
      <trkpt lat="40.520842" lon="140.56248">
        <ele>74</ele>
      </trkpt>
      <trkpt lat="40.520966" lon="140.562474">
        <ele>74.38</ele>
      </trkpt>
      <trkpt lat="40.521029" lon="140.56246">
        <ele>74.45</ele>
      </trkpt>
      <trkpt lat="40.521312" lon="140.562319">
        <ele>72.45</ele>
      </trkpt>
      <trkpt lat="40.52143" lon="140.562207">
        <ele>72.03</ele>
      </trkpt>
      <trkpt lat="40.521546" lon="140.56205">
        <ele>71.25</ele>
      </trkpt>
      <trkpt lat="40.521834" lon="140.561525">
        <ele>70.24</ele>
      </trkpt>
      <trkpt lat="40.522094" lon="140.560847">
        <ele>69.22</ele>
      </trkpt>
      <trkpt lat="40.522296" lon="140.56019">
        <ele>68.67</ele>
      </trkpt>
      <trkpt lat="40.522364" lon="140.559991">
        <ele>68.45</ele>
      </trkpt>
      <trkpt lat="40.522589" lon="140.559637">
        <ele>66.59</ele>
      </trkpt>
      <trkpt lat="40.522594" lon="140.559608">
        <ele>66.81</ele>
      </trkpt>
      <trkpt lat="40.522865" lon="140.559173">
        <ele>65.96</ele>
      </trkpt>
      <trkpt lat="40.522876" lon="140.559143">
        <ele>66.04</ele>
      </trkpt>
      <trkpt lat="40.522972" lon="140.559003">
        <ele>66.2</ele>
      </trkpt>
      <trkpt lat="40.523721" lon="140.557786">
        <ele>67.61</ele>
      </trkpt>
      <trkpt lat="40.523963" lon="140.557336">
        <ele>67.09</ele>
      </trkpt>
      <trkpt lat="40.524471" lon="140.55603">
        <ele>67.75</ele>
      </trkpt>
      <trkpt lat="40.524612" lon="140.555689">
        <ele>67.29</ele>
      </trkpt>
      <trkpt lat="40.525014" lon="140.554935">
        <ele>67.02</ele>
      </trkpt>
      <trkpt lat="40.525191" lon="140.554569">
        <ele>68.6</ele>
      </trkpt>
      <trkpt lat="40.525563" lon="140.554067">
        <ele>65.85</ele>
      </trkpt>
      <trkpt lat="40.526307" lon="140.553064">
        <ele>65.91</ele>
      </trkpt>
      <trkpt lat="40.526388" lon="140.55284">
        <ele>66.74</ele>
      </trkpt>
      <trkpt lat="40.526402" lon="140.552441">
        <ele>68.53</ele>
      </trkpt>
      <trkpt lat="40.526447" lon="140.55218">
        <ele>68.72</ele>
      </trkpt>
      <trkpt lat="40.526529" lon="140.552034">
        <ele>66.08</ele>
      </trkpt>
      <trkpt lat="40.526967" lon="140.551296">
        <ele>65.38</ele>
      </trkpt>
      <trkpt lat="40.527323" lon="140.550638">
        <ele>66.34</ele>
      </trkpt>
      <trkpt lat="40.53179" lon="140.549751">
        <ele>63</ele>
      </trkpt>
      <trkpt lat="40.531947" lon="140.549751">
        <ele>62.6</ele>
      </trkpt>
      <trkpt lat="40.532138" lon="140.549833">
        <ele>62.03</ele>
      </trkpt>
      <trkpt lat="40.532225" lon="140.549818">
        <ele>62.11</ele>
      </trkpt>
      <trkpt lat="40.532523" lon="140.549644">
        <ele>61.82</ele>
      </trkpt>
      <trkpt lat="40.532763" lon="140.549451">
        <ele>61.23</ele>
      </trkpt>
      <trkpt lat="40.533059" lon="140.549284">
        <ele>61.22</ele>
      </trkpt>
      <trkpt lat="40.533214" lon="140.54921">
        <ele>61.65</ele>
      </trkpt>
      <trkpt lat="40.533373" lon="140.549229">
        <ele>61.54</ele>
      </trkpt>
      <trkpt lat="40.533543" lon="140.549215">
        <ele>61</ele>
      </trkpt>
      <trkpt lat="40.533651" lon="140.549141">
        <ele>61.05</ele>
      </trkpt>
      <trkpt lat="40.533876" lon="140.549112">
        <ele>61</ele>
      </trkpt>
      <trkpt lat="40.533968" lon="140.549037">
        <ele>61</ele>
      </trkpt>
      <trkpt lat="40.534237" lon="140.54877">
        <ele>61</ele>
      </trkpt>
      <trkpt lat="40.534524" lon="140.548718">
        <ele>61</ele>
      </trkpt>
      <trkpt lat="40.534794" lon="140.548427">
        <ele>61</ele>
      </trkpt>
      <trkpt lat="40.534972" lon="140.548269">
        <ele>61</ele>
      </trkpt>
      <trkpt lat="40.535153" lon="140.548193">
        <ele>61</ele>
      </trkpt>
      <trkpt lat="40.535273" lon="140.548163">
        <ele>61</ele>
      </trkpt>
      <trkpt lat="40.535329" lon="140.54809">
        <ele>61</ele>
      </trkpt>
      <trkpt lat="40.535548" lon="140.547628">
        <ele>60.7</ele>
      </trkpt>
      <trkpt lat="40.535638" lon="140.547502">
        <ele>60</ele>
      </trkpt>
      <trkpt lat="40.535734" lon="140.547452">
        <ele>60</ele>
      </trkpt>
      <trkpt lat="40.535994" lon="140.547496">
        <ele>60.09</ele>
      </trkpt>
      <trkpt lat="40.53627" lon="140.547576">
        <ele>60</ele>
      </trkpt>
      <trkpt lat="40.53638" lon="140.547577">
        <ele>60</ele>
      </trkpt>
      <trkpt lat="40.536654" lon="140.547512">
        <ele>60</ele>
      </trkpt>
      <trkpt lat="40.537323" lon="140.547326">
        <ele>59.04</ele>
      </trkpt>
      <trkpt lat="40.538051" lon="140.547142">
        <ele>58.33</ele>
      </trkpt>
      <trkpt lat="40.538804" lon="140.546927">
        <ele>57.68</ele>
      </trkpt>
      <trkpt lat="40.539035" lon="140.546951">
        <ele>57</ele>
      </trkpt>
      <trkpt lat="40.539269" lon="140.546988">
        <ele>57</ele>
      </trkpt>
      <trkpt lat="40.540056" lon="140.546618">
        <ele>55.88</ele>
      </trkpt>
      <trkpt lat="40.540465" lon="140.546493">
        <ele>56.01</ele>
      </trkpt>
      <trkpt lat="40.540678" lon="140.546449">
        <ele>55.88</ele>
      </trkpt>
      <trkpt lat="40.540925" lon="140.546361">
        <ele>55.61</ele>
      </trkpt>
      <trkpt lat="40.541072" lon="140.546279">
        <ele>55.27</ele>
      </trkpt>
      <trkpt lat="40.541668" lon="140.545793">
        <ele>55</ele>
      </trkpt>
      <trkpt lat="40.541776" lon="140.545556">
        <ele>55</ele>
      </trkpt>
      <trkpt lat="40.541895" lon="140.545417">
        <ele>54.73</ele>
      </trkpt>
      <trkpt lat="40.542401" lon="140.545257">
        <ele>54.34</ele>
      </trkpt>
      <trkpt lat="40.542654" lon="140.545176">
        <ele>56.1</ele>
      </trkpt>
      <trkpt lat="40.542878" lon="140.545189">
        <ele>55</ele>
      </trkpt>
      <trkpt lat="40.543411" lon="140.545179">
        <ele>54.08</ele>
      </trkpt>
      <trkpt lat="40.543811" lon="140.545229">
        <ele>53.38</ele>
      </trkpt>
      <trkpt lat="40.544681" lon="140.545317">
        <ele>51.85</ele>
      </trkpt>
      <trkpt lat="40.545435" lon="140.545361">
        <ele>53.97</ele>
      </trkpt>
      <trkpt lat="40.546554" lon="140.545591">
        <ele>53.38</ele>
      </trkpt>
      <trkpt lat="40.547373" lon="140.545741">
        <ele>51.63</ele>
      </trkpt>
      <trkpt lat="40.54779" lon="140.545704">
        <ele>51.09</ele>
      </trkpt>
      <trkpt lat="40.548323" lon="140.54559">
        <ele>52.33</ele>
      </trkpt>
      <trkpt lat="40.548856" lon="140.545475">
        <ele>51.36</ele>
      </trkpt>
      <trkpt lat="40.549822" lon="140.545316">
        <ele>51.73</ele>
      </trkpt>
      <trkpt lat="40.550767" lon="140.545408">
        <ele>50.5</ele>
      </trkpt>
      <trkpt lat="40.55121" lon="140.545468">
        <ele>50.4</ele>
      </trkpt>
      <trkpt lat="40.551727" lon="140.545491">
        <ele>50.81</ele>
      </trkpt>
      <trkpt lat="40.551251" lon="140.547514">
        <ele>52.26</ele>
      </trkpt>
      <trkpt lat="40.551151" lon="140.547849">
        <ele>51.94</ele>
      </trkpt>
      <trkpt lat="40.551266" lon="140.547865">
        <ele>51.65</ele>
      </trkpt>
      <trkpt lat="40.551811" lon="140.547714">
        <ele>51</ele>
      </trkpt>
      <trkpt lat="40.551845" lon="140.548381">
        <ele>51</ele>
      </trkpt>
      <trkpt lat="40.552382" lon="140.548561">
        <ele>50</ele>
      </trkpt>
      <trkpt lat="40.554363" lon="140.549229">
        <ele>51</ele>
      </trkpt>
      <trkpt lat="40.554932" lon="140.549409">
        <ele>50.49</ele>
      </trkpt>
      <trkpt lat="40.556072" lon="140.549786">
        <ele>49</ele>
      </trkpt>
      <trkpt lat="40.558576" lon="140.550633">
        <ele>48</ele>
      </trkpt>
      <trkpt lat="40.55871" lon="140.550662">
        <ele>47.88</ele>
      </trkpt>
      <trkpt lat="40.558839" lon="140.550672">
        <ele>47.38</ele>
      </trkpt>
      <trkpt lat="40.559084" lon="140.550639">
        <ele>47.38</ele>
      </trkpt>
      <trkpt lat="40.559382" lon="140.550561">
        <ele>47.21</ele>
      </trkpt>
      <trkpt lat="40.559521" lon="140.55056">
        <ele>47.04</ele>
      </trkpt>
      <trkpt lat="40.559652" lon="140.550583">
        <ele>47</ele>
      </trkpt>
      <trkpt lat="40.559782" lon="140.550619">
        <ele>47</ele>
      </trkpt>
      <trkpt lat="40.559893" lon="140.550675">
        <ele>47</ele>
      </trkpt>
      <trkpt lat="40.560022" lon="140.550763">
        <ele>47.38</ele>
      </trkpt>
      <trkpt lat="40.560156" lon="140.550888">
        <ele>47.32</ele>
      </trkpt>
      <trkpt lat="40.560328" lon="140.551087">
        <ele>47</ele>
      </trkpt>
      <trkpt lat="40.560469" lon="140.551209">
        <ele>47</ele>
      </trkpt>
      <trkpt lat="40.560592" lon="140.551294">
        <ele>47</ele>
      </trkpt>
      <trkpt lat="40.560941" lon="140.551433">
        <ele>47</ele>
      </trkpt>
      <trkpt lat="40.561353" lon="140.551566">
        <ele>47</ele>
      </trkpt>
      <trkpt lat="40.564991" lon="140.551316">
        <ele>45</ele>
      </trkpt>
      <trkpt lat="40.565131" lon="140.551319">
        <ele>45</ele>
      </trkpt>
      <trkpt lat="40.565236" lon="140.551348">
        <ele>45</ele>
      </trkpt>
      <trkpt lat="40.56547" lon="140.551447">
        <ele>45</ele>
      </trkpt>
      <trkpt lat="40.566264" lon="140.551674">
        <ele>44.42</ele>
      </trkpt>
      <trkpt lat="40.566707" lon="140.551759">
        <ele>44.81</ele>
      </trkpt>
      <trkpt lat="40.566917" lon="140.551822">
        <ele>44</ele>
      </trkpt>
      <trkpt lat="40.56748" lon="140.551953">
        <ele>44</ele>
      </trkpt>
      <trkpt lat="40.567619" lon="140.551974">
        <ele>44</ele>
      </trkpt>
      <trkpt lat="40.567726" lon="140.551971">
        <ele>44</ele>
      </trkpt>
      <trkpt lat="40.56792" lon="140.551924">
        <ele>43.94</ele>
      </trkpt>
      <trkpt lat="40.573065" lon="140.55105">
        <ele>41</ele>
      </trkpt>
      <trkpt lat="40.573313" lon="140.551068">
        <ele>40.44</ele>
      </trkpt>
      <trkpt lat="40.573608" lon="140.551145">
        <ele>40.76</ele>
      </trkpt>
      <trkpt lat="40.573964" lon="140.551272">
        <ele>40.23</ele>
      </trkpt>
      <trkpt lat="40.574464" lon="140.55143">
        <ele>40</ele>
      </trkpt>
      <trkpt lat="40.575537" lon="140.551862">
        <ele>40</ele>
      </trkpt>
      <trkpt lat="40.575657" lon="140.551867">
        <ele>40</ele>
      </trkpt>
      <trkpt lat="40.576168" lon="140.55178">
        <ele>40</ele>
      </trkpt>
      <trkpt lat="40.577468" lon="140.553313">
        <ele>39</ele>
      </trkpt>
      <trkpt lat="40.579568" lon="140.555759">
        <ele>39</ele>
      </trkpt>
      <trkpt lat="40.580248" lon="140.556403">
        <ele>38.35</ele>
      </trkpt>
      <trkpt lat="40.580474" lon="140.556618">
        <ele>36.69</ele>
      </trkpt>
      <trkpt lat="40.580431" lon="140.55693">
        <ele>37.1</ele>
      </trkpt>
      <trkpt lat="40.58037" lon="140.5573">
        <ele>38</ele>
      </trkpt>
      <trkpt lat="40.580281" lon="140.557949">
        <ele>38</ele>
      </trkpt>
      <trkpt lat="40.580274" lon="140.558541">
        <ele>38.37</ele>
      </trkpt>
      <trkpt lat="40.580312" lon="140.559013">
        <ele>39</ele>
      </trkpt>
      <trkpt lat="40.580442" lon="140.560139">
        <ele>39</ele>
      </trkpt>
      <trkpt lat="40.581031" lon="140.559967">
        <ele>38.48</ele>
      </trkpt>
      <trkpt lat="40.581031" lon="140.560379">
        <ele>39</ele>
      </trkpt>
      <trkpt lat="40.581229" lon="140.560958">
        <ele>39</ele>
      </trkpt>
      <trkpt lat="40.582338" lon="140.560908">
        <ele>38</ele>
      </trkpt>
      <trkpt lat="40.582272" lon="140.561153">
        <ele>38.02</ele>
      </trkpt>
      <trkpt lat="40.582962" lon="140.561669">
        <ele>38</ele>
      </trkpt>
      <trkpt lat="40.583053" lon="140.561712">
        <ele>38</ele>
      </trkpt>
      <trkpt lat="40.583127" lon="140.561727">
        <ele>38</ele>
      </trkpt>
      <trkpt lat="40.583248" lon="140.561714">
        <ele>38</ele>
      </trkpt>
      <trkpt lat="40.583303" lon="140.561693">
        <ele>38</ele>
      </trkpt>
      <trkpt lat="40.583356" lon="140.561657">
        <ele>38</ele>
      </trkpt>
      <trkpt lat="40.583432" lon="140.561563">
        <ele>38</ele>
      </trkpt>
      <trkpt lat="40.583503" lon="140.56145">
        <ele>38</ele>
      </trkpt>
      <trkpt lat="40.583537" lon="140.561422">
        <ele>38</ele>
      </trkpt>
      <trkpt lat="40.583594" lon="140.561409">
        <ele>38</ele>
      </trkpt>
      <trkpt lat="40.584272" lon="140.561425">
        <ele>38</ele>
      </trkpt>
      <trkpt lat="40.584336" lon="140.561442">
        <ele>38</ele>
      </trkpt>
      <trkpt lat="40.584405" lon="140.561477">
        <ele>38</ele>
      </trkpt>
      <trkpt lat="40.584533" lon="140.561595">
        <ele>38</ele>
      </trkpt>
      <trkpt lat="40.584591" lon="140.561636">
        <ele>38</ele>
      </trkpt>
      <trkpt lat="40.584657" lon="140.561654">
        <ele>38</ele>
      </trkpt>
      <trkpt lat="40.584979" lon="140.561693">
        <ele>38</ele>
      </trkpt>
      <trkpt lat="40.5853" lon="140.561727">
        <ele>38</ele>
      </trkpt>
      <trkpt lat="40.585391" lon="140.561712">
        <ele>38</ele>
      </trkpt>
      <trkpt lat="40.585451" lon="140.56169">
        <ele>38</ele>
      </trkpt>
      <trkpt lat="40.585634" lon="140.561582">
        <ele>38</ele>
      </trkpt>
      <trkpt lat="40.585708" lon="140.561554">
        <ele>38</ele>
      </trkpt>
      <trkpt lat="40.585778" lon="140.561544">
        <ele>38</ele>
      </trkpt>
      <trkpt lat="40.586701" lon="140.561605">
        <ele>38</ele>
      </trkpt>
      <trkpt lat="40.586788" lon="140.561618">
        <ele>38</ele>
      </trkpt>
      <trkpt lat="40.587112" lon="140.561678">
        <ele>38</ele>
      </trkpt>
      <trkpt lat="40.587808" lon="140.561999">
        <ele>38</ele>
      </trkpt>
      <trkpt lat="40.58823" lon="140.562092">
        <ele>38</ele>
      </trkpt>
      <trkpt lat="40.5884" lon="140.5621">
        <ele>38</ele>
      </trkpt>
      <trkpt lat="40.588682" lon="140.562063">
        <ele>38</ele>
      </trkpt>
      <trkpt lat="40.591031" lon="140.561603">
        <ele>37</ele>
      </trkpt>
      <trkpt lat="40.591085" lon="140.562077">
        <ele>37</ele>
      </trkpt>
      <trkpt lat="40.591859" lon="140.561915">
        <ele>37</ele>
      </trkpt>
      <trkpt lat="40.592686" lon="140.561764">
        <ele>36.77</ele>
      </trkpt>
      <trkpt lat="40.592911" lon="140.562357">
        <ele>37</ele>
      </trkpt>
      <trkpt lat="40.593105" lon="140.562279">
        <ele>37</ele>
      </trkpt>
      <trkpt lat="40.593424" lon="140.562172">
        <ele>37</ele>
      </trkpt>
      <trkpt lat="40.593751" lon="140.562118">
        <ele>37</ele>
      </trkpt>
      <trkpt lat="40.593918" lon="140.562117">
        <ele>36.4</ele>
      </trkpt>
      <trkpt lat="40.594318" lon="140.562156">
        <ele>36</ele>
      </trkpt>
      <trkpt lat="40.594449" lon="140.562191">
        <ele>36</ele>
      </trkpt>
      <trkpt lat="40.594574" lon="140.562243">
        <ele>36</ele>
      </trkpt>
      <trkpt lat="40.594708" lon="140.562347">
        <ele>36.13</ele>
      </trkpt>
      <trkpt lat="40.595403" lon="140.563109">
        <ele>37</ele>
      </trkpt>
      <trkpt lat="40.596139" lon="140.563953">
        <ele>36.93</ele>
      </trkpt>
      <trkpt lat="40.596554" lon="140.564404">
        <ele>36.69</ele>
      </trkpt>
      <trkpt lat="40.597038" lon="140.564821">
        <ele>37</ele>
      </trkpt>
      <trkpt lat="40.598155" lon="140.565595">
        <ele>37</ele>
      </trkpt>
      <trkpt lat="40.598396" lon="140.565736">
        <ele>37</ele>
      </trkpt>
      <trkpt lat="40.598781" lon="140.565856">
        <ele>37</ele>
      </trkpt>
      <trkpt lat="40.600151" lon="140.566115">
        <ele>36.59</ele>
      </trkpt>
      <trkpt lat="40.600548" lon="140.56617">
        <ele>36</ele>
      </trkpt>
      <trkpt lat="40.601202" lon="140.566229">
        <ele>36</ele>
      </trkpt>
      <trkpt lat="40.602013" lon="140.566273">
        <ele>35.94</ele>
      </trkpt>
      <trkpt lat="40.603295" lon="140.566342">
        <ele>32.72</ele>
      </trkpt>
      <trkpt lat="40.603704" lon="140.56638">
        <ele>33.18</ele>
      </trkpt>
      <trkpt lat="40.603977" lon="140.566465">
        <ele>33.6</ele>
      </trkpt>
      <trkpt lat="40.604077" lon="140.566539">
        <ele>33.32</ele>
      </trkpt>
      <trkpt lat="40.604414" lon="140.566891">
        <ele>35.08</ele>
      </trkpt>
      <trkpt lat="40.604801" lon="140.567358">
        <ele>36</ele>
      </trkpt>
      <trkpt lat="40.605097" lon="140.567685">
        <ele>36.16</ele>
      </trkpt>
      <trkpt lat="40.605459" lon="140.568131">
        <ele>35.09</ele>
      </trkpt>
      <trkpt lat="40.60706" lon="140.570095">
        <ele>38</ele>
      </trkpt>
      <trkpt lat="40.608469" lon="140.571786">
        <ele>40</ele>
      </trkpt>
      <trkpt lat="40.60884" lon="140.572332">
        <ele>40.79</ele>
      </trkpt>
      <trkpt lat="40.609307" lon="140.573068">
        <ele>41</ele>
      </trkpt>
      <trkpt lat="40.609524" lon="140.573435">
        <ele>40.92</ele>
      </trkpt>
      <trkpt lat="40.610354" lon="140.574897">
        <ele>41.96</ele>
      </trkpt>
      <trkpt lat="40.610891" lon="140.575864">
        <ele>42.34</ele>
      </trkpt>
      <trkpt lat="40.611068" lon="140.576167">
        <ele>42.63</ele>
      </trkpt>
      <trkpt lat="40.611189" lon="140.576343">
        <ele>42.7</ele>
      </trkpt>
      <trkpt lat="40.611508" lon="140.576751">
        <ele>42.59</ele>
      </trkpt>
      <trkpt lat="40.612314" lon="140.577544">
        <ele>43</ele>
      </trkpt>
      <trkpt lat="40.612518" lon="140.5777">
        <ele>43</ele>
      </trkpt>
      <trkpt lat="40.612906" lon="140.577941">
        <ele>43.49</ele>
      </trkpt>
      <trkpt lat="40.613729" lon="140.578515">
        <ele>43.27</ele>
      </trkpt>
      <trkpt lat="40.614016" lon="140.578696">
        <ele>43.02</ele>
      </trkpt>
      <trkpt lat="40.614264" lon="140.578838">
        <ele>44</ele>
      </trkpt>
      <trkpt lat="40.614775" lon="140.579103">
        <ele>44</ele>
      </trkpt>
      <trkpt lat="40.615911" lon="140.579871">
        <ele>45</ele>
      </trkpt>
      <trkpt lat="40.616593" lon="140.58031">
        <ele>46</ele>
      </trkpt>
      <trkpt lat="40.61777" lon="140.581041">
        <ele>47</ele>
      </trkpt>
      <trkpt lat="40.618013" lon="140.581147">
        <ele>47</ele>
      </trkpt>
      <trkpt lat="40.618512" lon="140.581516">
        <ele>47</ele>
      </trkpt>
      <trkpt lat="40.618694" lon="140.581631">
        <ele>46.18</ele>
      </trkpt>
      <trkpt lat="40.618833" lon="140.58173">
        <ele>44.69</ele>
      </trkpt>
      <trkpt lat="40.620276" lon="140.582529">
        <ele>41.14</ele>
      </trkpt>
      <trkpt lat="40.620757" lon="140.582942">
        <ele>41.8</ele>
      </trkpt>
      <trkpt lat="40.621127" lon="140.58323">
        <ele>41.08</ele>
      </trkpt>
      <trkpt lat="40.621459" lon="140.583592">
        <ele>41</ele>
      </trkpt>
      <trkpt lat="40.621707" lon="140.583866">
        <ele>39.02</ele>
      </trkpt>
      <trkpt lat="40.62245" lon="140.584501">
        <ele>38</ele>
      </trkpt>
      <trkpt lat="40.622918" lon="140.584809">
        <ele>38.33</ele>
      </trkpt>
      <trkpt lat="40.62327" lon="140.585025">
        <ele>39</ele>
      </trkpt>
      <trkpt lat="40.624119" lon="140.585502">
        <ele>39</ele>
      </trkpt>
      <trkpt lat="40.624836" lon="140.585882">
        <ele>39</ele>
      </trkpt>
      <trkpt lat="40.625305" lon="140.586155">
        <ele>39.15</ele>
      </trkpt>
      <trkpt lat="40.625687" lon="140.586339">
        <ele>39.7</ele>
      </trkpt>
      <trkpt lat="40.625931" lon="140.586444">
        <ele>39.83</ele>
      </trkpt>
      <trkpt lat="40.626712" lon="140.586578">
        <ele>39.61</ele>
      </trkpt>
      <trkpt lat="40.627185" lon="140.586694">
        <ele>40</ele>
      </trkpt>
      <trkpt lat="40.627461" lon="140.586746">
        <ele>40</ele>
      </trkpt>
      <trkpt lat="40.62822" lon="140.58686">
        <ele>40</ele>
      </trkpt>
      <trkpt lat="40.629026" lon="140.586849">
        <ele>40</ele>
      </trkpt>
      <trkpt lat="40.629754" lon="140.586826">
        <ele>40</ele>
      </trkpt>
      <trkpt lat="40.629809" lon="140.586811">
        <ele>39.97</ele>
      </trkpt>
      <trkpt lat="40.6305" lon="140.586854">
        <ele>39.78</ele>
      </trkpt>
      <trkpt lat="40.631313" lon="140.586849">
        <ele>39</ele>
      </trkpt>
      <trkpt lat="40.632749" lon="140.586779">
        <ele>38.22</ele>
      </trkpt>
      <trkpt lat="40.632856" lon="140.586751">
        <ele>38.57</ele>
      </trkpt>
      <trkpt lat="40.634383" lon="140.586698">
        <ele>39</ele>
      </trkpt>
      <trkpt lat="40.635073" lon="140.58668">
        <ele>38</ele>
      </trkpt>
      <trkpt lat="40.635298" lon="140.586701">
        <ele>38</ele>
      </trkpt>
      <trkpt lat="40.635451" lon="140.586725">
        <ele>38</ele>
      </trkpt>
      <trkpt lat="40.635822" lon="140.586843">
        <ele>38</ele>
      </trkpt>
      <trkpt lat="40.637051" lon="140.587266">
        <ele>37</ele>
      </trkpt>
      <trkpt lat="40.63875" lon="140.587934">
        <ele>37</ele>
      </trkpt>
      <trkpt lat="40.638618" lon="140.588605">
        <ele>38</ele>
      </trkpt>
      <trkpt lat="40.638612" lon="140.588734">
        <ele>38</ele>
      </trkpt>
      <trkpt lat="40.638625" lon="140.588851">
        <ele>38</ele>
      </trkpt>
      <trkpt lat="40.638649" lon="140.588915">
        <ele>38</ele>
      </trkpt>
      <trkpt lat="40.638705" lon="140.588994">
        <ele>38</ele>
      </trkpt>
      <trkpt lat="40.638785" lon="140.58906">
        <ele>38</ele>
      </trkpt>
      <trkpt lat="40.638897" lon="140.589128">
        <ele>38</ele>
      </trkpt>
      <trkpt lat="40.638955" lon="140.589184">
        <ele>37.99</ele>
      </trkpt>
      <trkpt lat="40.639133" lon="140.589392">
        <ele>37.99</ele>
      </trkpt>
      <trkpt lat="40.639369" lon="140.589643">
        <ele>38.36</ele>
      </trkpt>
      <trkpt lat="40.640293" lon="140.59059">
        <ele>38.19</ele>
      </trkpt>
      <trkpt lat="40.640605" lon="140.591022">
        <ele>39</ele>
      </trkpt>
      <trkpt lat="40.640833" lon="140.591375">
        <ele>39.84</ele>
      </trkpt>
      <trkpt lat="40.640883" lon="140.591329">
        <ele>40.6</ele>
      </trkpt>
      <trkpt lat="40.64095" lon="140.591065">
        <ele>41.34</ele>
      </trkpt>
      <trkpt lat="40.640997" lon="140.590977">
        <ele>41.54</ele>
      </trkpt>
      <trkpt lat="40.64115" lon="140.590827">
        <ele>42.43</ele>
      </trkpt>
      <trkpt lat="40.641529" lon="140.590553">
        <ele>43.74</ele>
      </trkpt>
      <trkpt lat="40.641629" lon="140.590336">
        <ele>42.22</ele>
      </trkpt>
      <trkpt lat="40.641897" lon="140.589927">
        <ele>41.3</ele>
      </trkpt>
      <trkpt lat="40.642" lon="140.589812">
        <ele>41.55</ele>
      </trkpt>
      <trkpt lat="40.642292" lon="140.589605">
        <ele>43.49</ele>
      </trkpt>
      <trkpt lat="40.642373" lon="140.589476">
        <ele>43.25</ele>
      </trkpt>
      <trkpt lat="40.642455" lon="140.589527">
        <ele>44.57</ele>
      </trkpt>
      <trkpt lat="40.642609" lon="140.58959">
        <ele>46.15</ele>
      </trkpt>
      <trkpt lat="40.642962" lon="140.589694">
        <ele>48</ele>
      </trkpt>
      <trkpt lat="40.643097" lon="140.589057">
        <ele>47.77</ele>
      </trkpt>
      <trkpt lat="40.643207" lon="140.589097">
        <ele>48</ele>
      </trkpt>
      <trkpt lat="40.643301" lon="140.588721">
        <ele>48</ele>
      </trkpt>
      <trkpt lat="40.643975" lon="140.588971">
        <ele>47.27</ele>
      </trkpt>
      <trkpt lat="40.644166" lon="140.588111">
        <ele>47</ele>
      </trkpt>
      <trkpt lat="40.644436" lon="140.588207">
        <ele>47</ele>
      </trkpt>
      <trkpt lat="40.645793" lon="140.588783">
        <ele>46</ele>
      </trkpt>
      <trkpt lat="40.645902" lon="140.588401">
        <ele>46</ele>
      </trkpt>
      <trkpt lat="40.648302" lon="140.589385">
        <ele>46</ele>
      </trkpt>
      <trkpt lat="40.648936" lon="140.589684">
        <ele>45.67</ele>
      </trkpt>
      <trkpt lat="40.649309" lon="140.58984">
        <ele>45</ele>
      </trkpt>
      <trkpt lat="40.649346" lon="140.589826">
        <ele>45</ele>
      </trkpt>
      <trkpt lat="40.649936" lon="140.590072">
        <ele>45</ele>
      </trkpt>
      <trkpt lat="40.650548" lon="140.590359">
        <ele>44</ele>
      </trkpt>
      <trkpt lat="40.65059" lon="140.5904">
        <ele>44.15</ele>
      </trkpt>
      <trkpt lat="40.650712" lon="140.590247">
        <ele>44</ele>
      </trkpt>
      <trkpt lat="40.651047" lon="140.589964">
        <ele>44</ele>
      </trkpt>
      <trkpt lat="40.651346" lon="140.589659">
        <ele>44</ele>
      </trkpt>
      <trkpt lat="40.651518" lon="140.58994">
        <ele>44</ele>
      </trkpt>
      <trkpt lat="40.651807" lon="140.589691">
        <ele>43.36</ele>
      </trkpt>
      <trkpt lat="40.652125" lon="140.589369">
        <ele>43</ele>
      </trkpt>
      <trkpt lat="40.652608" lon="140.588785">
        <ele>42</ele>
      </trkpt>
      <trkpt lat="40.654112" lon="140.590449">
        <ele>42</ele>
      </trkpt>
      <trkpt lat="40.655619" lon="140.592091">
        <ele>41.28</ele>
      </trkpt>
      <trkpt lat="40.657878" lon="140.594492">
        <ele>40.6</ele>
      </trkpt>
      <trkpt lat="40.659289" lon="140.596012">
        <ele>40</ele>
      </trkpt>
      <trkpt lat="40.660187" lon="140.596954">
        <ele>39</ele>
      </trkpt>
      <trkpt lat="40.660438" lon="140.597235">
        <ele>39</ele>
      </trkpt>
      <trkpt lat="40.661373" lon="140.596517">
        <ele>38</ele>
      </trkpt>
      <trkpt lat="40.661843" lon="140.596276">
        <ele>37</ele>
      </trkpt>
      <trkpt lat="40.662229" lon="140.59609">
        <ele>37</ele>
      </trkpt>
      <trkpt lat="40.662615" lon="140.595927">
        <ele>36</ele>
      </trkpt>
      <trkpt lat="40.66462" lon="140.595276">
        <ele>34.13</ele>
      </trkpt>
      <trkpt lat="40.664906" lon="140.595131">
        <ele>33.41</ele>
      </trkpt>
      <trkpt lat="40.665189" lon="140.594966">
        <ele>33.38</ele>
      </trkpt>
      <trkpt lat="40.665431" lon="140.594806">
        <ele>33</ele>
      </trkpt>
      <trkpt lat="40.6657" lon="140.594721">
        <ele>33</ele>
      </trkpt>
      <trkpt lat="40.66674" lon="140.594085">
        <ele>32</ele>
      </trkpt>
      <trkpt lat="40.668183" lon="140.593344">
        <ele>31</ele>
      </trkpt>
      <trkpt lat="40.670207" lon="140.592339">
        <ele>29</ele>
      </trkpt>
      <trkpt lat="40.670556" lon="140.592154">
        <ele>29</ele>
      </trkpt>
      <trkpt lat="40.671318" lon="140.591773">
        <ele>28</ele>
      </trkpt>
      <trkpt lat="40.671373" lon="140.591758">
        <ele>28</ele>
      </trkpt>
      <trkpt lat="40.671824" lon="140.591706">
        <ele>28</ele>
      </trkpt>
      <trkpt lat="40.671982" lon="140.591674">
        <ele>27.24</ele>
      </trkpt>
      <trkpt lat="40.672138" lon="140.591627">
        <ele>27.02</ele>
      </trkpt>
      <trkpt lat="40.672273" lon="140.591559">
        <ele>27</ele>
      </trkpt>
      <trkpt lat="40.672523" lon="140.5914">
        <ele>27</ele>
      </trkpt>
      <trkpt lat="40.673159" lon="140.590914">
        <ele>27</ele>
      </trkpt>
      <trkpt lat="40.67336" lon="140.590774">
        <ele>26.3</ele>
      </trkpt>
      <trkpt lat="40.674096" lon="140.590319">
        <ele>26</ele>
      </trkpt>
      <trkpt lat="40.674692" lon="140.589917">
        <ele>26</ele>
      </trkpt>
      <trkpt lat="40.674911" lon="140.589671">
        <ele>25</ele>
      </trkpt>
      <trkpt lat="40.67523" lon="140.589121">
        <ele>25</ele>
      </trkpt>
      <trkpt lat="40.675707" lon="140.588726">
        <ele>25</ele>
      </trkpt>
      <trkpt lat="40.675819" lon="140.588645">
        <ele>24.63</ele>
      </trkpt>
      <trkpt lat="40.676237" lon="140.58844">
        <ele>24</ele>
      </trkpt>
      <trkpt lat="40.676359" lon="140.588368">
        <ele>24.01</ele>
      </trkpt>
      <trkpt lat="40.676698" lon="140.588103">
        <ele>24</ele>
      </trkpt>
      <trkpt lat="40.676868" lon="140.58794">
        <ele>24</ele>
      </trkpt>
      <trkpt lat="40.67731" lon="140.587593">
        <ele>24</ele>
      </trkpt>
      <trkpt lat="40.677516" lon="140.587471">
        <ele>24</ele>
      </trkpt>
      <trkpt lat="40.678093" lon="140.587267">
        <ele>23</ele>
      </trkpt>
      <trkpt lat="40.678167" lon="140.587207">
        <ele>23</ele>
      </trkpt>
      <trkpt lat="40.678343" lon="140.587013">
        <ele>23</ele>
      </trkpt>
      <trkpt lat="40.678407" lon="140.586965">
        <ele>23</ele>
      </trkpt>
      <trkpt lat="40.680315" lon="140.586179">
        <ele>22.71</ele>
      </trkpt>
      <trkpt lat="40.680748" lon="140.586016">
        <ele>22.12</ele>
      </trkpt>
      <trkpt lat="40.681206" lon="140.585791">
        <ele>22</ele>
      </trkpt>
      <trkpt lat="40.681312" lon="140.585654">
        <ele>22</ele>
      </trkpt>
      <trkpt lat="40.681491" lon="140.585506">
        <ele>22</ele>
      </trkpt>
      <trkpt lat="40.68159" lon="140.585456">
        <ele>22</ele>
      </trkpt>
      <trkpt lat="40.681763" lon="140.585447">
        <ele>22</ele>
      </trkpt>
      <trkpt lat="40.681956" lon="140.585499">
        <ele>22</ele>
      </trkpt>
      <trkpt lat="40.682159" lon="140.585629">
        <ele>22</ele>
      </trkpt>
      <trkpt lat="40.682236" lon="140.58566">
        <ele>22</ele>
      </trkpt>
      <trkpt lat="40.682805" lon="140.585357">
        <ele>22</ele>
      </trkpt>
      <trkpt lat="40.683576" lon="140.584854">
        <ele>22</ele>
      </trkpt>
      <trkpt lat="40.683971" lon="140.584591">
        <ele>21.06</ele>
      </trkpt>
      <trkpt lat="40.684808" lon="140.583958">
        <ele>21</ele>
      </trkpt>
      <trkpt lat="40.685085" lon="140.583847">
        <ele>20.73</ele>
      </trkpt>
      <trkpt lat="40.685664" lon="140.583721">
        <ele>20</ele>
      </trkpt>
      <trkpt lat="40.686165" lon="140.583663">
        <ele>20</ele>
      </trkpt>
      <trkpt lat="40.687727" lon="140.583404">
        <ele>20</ele>
      </trkpt>
      <trkpt lat="40.687849" lon="140.583636">
        <ele>20</ele>
      </trkpt>
      <trkpt lat="40.687978" lon="140.583779">
        <ele>20</ele>
      </trkpt>
      <trkpt lat="40.688164" lon="140.583921">
        <ele>20</ele>
      </trkpt>
      <trkpt lat="40.689342" lon="140.584738">
        <ele>23.05</ele>
      </trkpt>
      <trkpt lat="40.689679" lon="140.584954">
        <ele>22.45</ele>
      </trkpt>
      <trkpt lat="40.689934" lon="140.585122">
        <ele>23.74</ele>
      </trkpt>
      <trkpt lat="40.690346" lon="140.585392">
        <ele>21.28</ele>
      </trkpt>
      <trkpt lat="40.697265" lon="140.58994">
        <ele>21</ele>
      </trkpt>
      <trkpt lat="40.700767" lon="140.592243">
        <ele>23</ele>
      </trkpt>
      <trkpt lat="40.701573" lon="140.592778">
        <ele>23</ele>
      </trkpt>
      <trkpt lat="40.701716" lon="140.592889">
        <ele>23</ele>
      </trkpt>
      <trkpt lat="40.701811" lon="140.592987">
        <ele>23</ele>
      </trkpt>
      <trkpt lat="40.701873" lon="140.593065">
        <ele>23</ele>
      </trkpt>
      <trkpt lat="40.701946" lon="140.593181">
        <ele>23</ele>
      </trkpt>
      <trkpt lat="40.702025" lon="140.593331">
        <ele>23</ele>
      </trkpt>
      <trkpt lat="40.702455" lon="140.594509">
        <ele>24</ele>
      </trkpt>
      <trkpt lat="40.702779" lon="140.595461">
        <ele>24</ele>
      </trkpt>
      <trkpt lat="40.702892" lon="140.595758">
        <ele>24</ele>
      </trkpt>
      <trkpt lat="40.703021" lon="140.596041">
        <ele>24</ele>
      </trkpt>
      <trkpt lat="40.703122" lon="140.596224">
        <ele>24</ele>
      </trkpt>
      <trkpt lat="40.703244" lon="140.596395">
        <ele>24</ele>
      </trkpt>
      <trkpt lat="40.703374" lon="140.596548">
        <ele>24</ele>
      </trkpt>
      <trkpt lat="40.703587" lon="140.596742">
        <ele>24</ele>
      </trkpt>
      <trkpt lat="40.703893" lon="140.596962">
        <ele>24</ele>
      </trkpt>
      <trkpt lat="40.708449" lon="140.599998">
        <ele>27.43</ele>
      </trkpt>
      <trkpt lat="40.708799" lon="140.600182">
        <ele>27.71</ele>
      </trkpt>
      <trkpt lat="40.709167" lon="140.60035">
        <ele>27.68</ele>
      </trkpt>
      <trkpt lat="40.709519" lon="140.600476">
        <ele>28</ele>
      </trkpt>
      <trkpt lat="40.711352" lon="140.601002">
        <ele>30.01</ele>
      </trkpt>
      <trkpt lat="40.711609" lon="140.601049">
        <ele>30.75</ele>
      </trkpt>
      <trkpt lat="40.71179" lon="140.601055">
        <ele>29.92</ele>
      </trkpt>
      <trkpt lat="40.711958" lon="140.601042">
        <ele>29.03</ele>
      </trkpt>
      <trkpt lat="40.712146" lon="140.601002">
        <ele>28</ele>
      </trkpt>
      <trkpt lat="40.712277" lon="140.600957">
        <ele>28</ele>
      </trkpt>
      <trkpt lat="40.712406" lon="140.6009">
        <ele>28</ele>
      </trkpt>
      <trkpt lat="40.712553" lon="140.60081">
        <ele>28</ele>
      </trkpt>
      <trkpt lat="40.712725" lon="140.600683">
        <ele>28</ele>
      </trkpt>
      <trkpt lat="40.712939" lon="140.600472">
        <ele>27.88</ele>
      </trkpt>
      <trkpt lat="40.713045" lon="140.60034">
        <ele>27.37</ele>
      </trkpt>
      <trkpt lat="40.713152" lon="140.600183">
        <ele>27.17</ele>
      </trkpt>
      <trkpt lat="40.713915" lon="140.598991">
        <ele>27.13</ele>
      </trkpt>
      <trkpt lat="40.713961" lon="140.59892">
        <ele>28.39</ele>
      </trkpt>
      <trkpt lat="40.714397" lon="140.598241">
        <ele>29</ele>
      </trkpt>
      <trkpt lat="40.715444" lon="140.599016">
        <ele>30</ele>
      </trkpt>
      <trkpt lat="40.716703" lon="140.599972">
        <ele>31.55</ele>
      </trkpt>
      <trkpt lat="40.716817" lon="140.600089">
        <ele>31.8</ele>
      </trkpt>
      <trkpt lat="40.716999" lon="140.600337">
        <ele>32</ele>
      </trkpt>
      <trkpt lat="40.717497" lon="140.601178">
        <ele>33</ele>
      </trkpt>
      <trkpt lat="40.71764" lon="140.601442">
        <ele>32.97</ele>
      </trkpt>
      <trkpt lat="40.717787" lon="140.60183">
        <ele>32.29</ele>
      </trkpt>
      <trkpt lat="40.717945" lon="140.602306">
        <ele>33</ele>
      </trkpt>
      <trkpt lat="40.71804" lon="140.602519">
        <ele>33.33</ele>
      </trkpt>
      <trkpt lat="40.718143" lon="140.602691">
        <ele>34</ele>
      </trkpt>
      <trkpt lat="40.718239" lon="140.602822">
        <ele>33.99</ele>
      </trkpt>
      <trkpt lat="40.718446" lon="140.603077">
        <ele>34.7</ele>
      </trkpt>
      <trkpt lat="40.718729" lon="140.603487">
        <ele>35.61</ele>
      </trkpt>
      <trkpt lat="40.718847" lon="140.603742">
        <ele>35.52</ele>
      </trkpt>
      <trkpt lat="40.718965" lon="140.604027">
        <ele>36</ele>
      </trkpt>
      <trkpt lat="40.71905" lon="140.604339">
        <ele>36.07</ele>
      </trkpt>
      <trkpt lat="40.71913" lon="140.604749">
        <ele>37.18</ele>
      </trkpt>
      <trkpt lat="40.719156" lon="140.605027">
        <ele>37.89</ele>
      </trkpt>
      <trkpt lat="40.719167" lon="140.605722">
        <ele>38.03</ele>
      </trkpt>
      <trkpt lat="40.719227" lon="140.606806">
        <ele>39.56</ele>
      </trkpt>
      <trkpt lat="40.71927" lon="140.607106">
        <ele>39.97</ele>
      </trkpt>
      <trkpt lat="40.71933" lon="140.607271">
        <ele>40</ele>
      </trkpt>
      <trkpt lat="40.720265" lon="140.607063">
        <ele>41.11</ele>
      </trkpt>
      <trkpt lat="40.721204" lon="140.606872">
        <ele>41.6</ele>
      </trkpt>
      <trkpt lat="40.722124" lon="140.606719">
        <ele>41</ele>
      </trkpt>
      <trkpt lat="40.723038" lon="140.606554">
        <ele>41.25</ele>
      </trkpt>
      <trkpt lat="40.72423" lon="140.605932">
        <ele>40</ele>
      </trkpt>
      <trkpt lat="40.724906" lon="140.605631">
        <ele>39</ele>
      </trkpt>
      <trkpt lat="40.725913" lon="140.605241">
        <ele>36</ele>
      </trkpt>
      <trkpt lat="40.726196" lon="140.605133">
        <ele>37.89</ele>
      </trkpt>
      <trkpt lat="40.726498" lon="140.604993">
        <ele>38</ele>
      </trkpt>
      <trkpt lat="40.727021" lon="140.604725">
        <ele>38.12</ele>
      </trkpt>
      <trkpt lat="40.727606" lon="140.604361">
        <ele>38</ele>
      </trkpt>
      <trkpt lat="40.728155" lon="140.603992">
        <ele>38</ele>
      </trkpt>
      <trkpt lat="40.728859" lon="140.603602">
        <ele>34.72</ele>
      </trkpt>
      <trkpt lat="40.729256" lon="140.603418">
        <ele>35.33</ele>
      </trkpt>
      <trkpt lat="40.730021" lon="140.603105">
        <ele>38.55</ele>
      </trkpt>
      <trkpt lat="40.730786" lon="140.602792">
        <ele>39</ele>
      </trkpt>
      <trkpt lat="40.731306" lon="140.602481">
        <ele>39.01</ele>
      </trkpt>
      <trkpt lat="40.732084" lon="140.601802">
        <ele>38</ele>
      </trkpt>
      <trkpt lat="40.732408" lon="140.601562">
        <ele>37.41</ele>
      </trkpt>
      <trkpt lat="40.733077" lon="140.601231">
        <ele>37.75</ele>
      </trkpt>
      <trkpt lat="40.73333" lon="140.601116">
        <ele>36.18</ele>
      </trkpt>
      <trkpt lat="40.73487" lon="140.600394">
        <ele>38.39</ele>
      </trkpt>
      <trkpt lat="40.735509" lon="140.600175">
        <ele>41</ele>
      </trkpt>
      <trkpt lat="40.735898" lon="140.600075">
        <ele>41.39</ele>
      </trkpt>
      <trkpt lat="40.737781" lon="140.599454">
        <ele>43.37</ele>
      </trkpt>
      <trkpt lat="40.738672" lon="140.599177">
        <ele>44.48</ele>
      </trkpt>
      <trkpt lat="40.740615" lon="140.598327">
        <ele>47.45</ele>
      </trkpt>
      <trkpt lat="40.740919" lon="140.598179">
        <ele>47.93</ele>
      </trkpt>
      <trkpt lat="40.741263" lon="140.597996">
        <ele>48</ele>
      </trkpt>
      <trkpt lat="40.741917" lon="140.597337">
        <ele>48.78</ele>
      </trkpt>
      <trkpt lat="40.742081" lon="140.597152">
        <ele>48.09</ele>
      </trkpt>
      <trkpt lat="40.742623" lon="140.596479">
        <ele>46.18</ele>
      </trkpt>
      <trkpt lat="40.742777" lon="140.596228">
        <ele>45.72</ele>
      </trkpt>
      <trkpt lat="40.743239" lon="140.595089">
        <ele>44.06</ele>
      </trkpt>
      <trkpt lat="40.74334" lon="140.594854">
        <ele>42.69</ele>
      </trkpt>
      <trkpt lat="40.743591" lon="140.594625">
        <ele>42.47</ele>
      </trkpt>
      <trkpt lat="40.743861" lon="140.594501">
        <ele>43</ele>
      </trkpt>
      <trkpt lat="40.744409" lon="140.594159">
        <ele>44.89</ele>
      </trkpt>
      <trkpt lat="40.744752" lon="140.594016">
        <ele>45</ele>
      </trkpt>
      <trkpt lat="40.744944" lon="140.593972">
        <ele>45</ele>
      </trkpt>
      <trkpt lat="40.745155" lon="140.593984">
        <ele>44.67</ele>
      </trkpt>
      <trkpt lat="40.746702" lon="140.594264">
        <ele>48.07</ele>
      </trkpt>
      <trkpt lat="40.74642" lon="140.594767">
        <ele>49.02</ele>
      </trkpt>
      <trkpt lat="40.74614" lon="140.595723">
        <ele>51.65</ele>
      </trkpt>
      <trkpt lat="40.745983" lon="140.596203">
        <ele>51.72</ele>
      </trkpt>
      <trkpt lat="40.745927" lon="140.59627">
        <ele>51.29</ele>
      </trkpt>
      <trkpt lat="40.745691" lon="140.596322">
        <ele>50.27</ele>
      </trkpt>
      <trkpt lat="40.745584" lon="140.596381">
        <ele>50.95</ele>
      </trkpt>
      <trkpt lat="40.745341" lon="140.59669">
        <ele>53.4</ele>
      </trkpt>
      <trkpt lat="40.745252" lon="140.596854">
        <ele>54.04</ele>
      </trkpt>
      <trkpt lat="40.745167" lon="140.597054">
        <ele>54.5</ele>
      </trkpt>
      <trkpt lat="40.745162" lon="140.597283">
        <ele>54.97</ele>
      </trkpt>
      <trkpt lat="40.745246" lon="140.597682">
        <ele>55.79</ele>
      </trkpt>
      <trkpt lat="40.745331" lon="140.598008">
        <ele>56.49</ele>
      </trkpt>
      <trkpt lat="40.745381" lon="140.598156">
        <ele>56.81</ele>
      </trkpt>
      <trkpt lat="40.745454" lon="140.598636">
        <ele>57.83</ele>
      </trkpt>
      <trkpt lat="40.745691" lon="140.599337">
        <ele>59.37</ele>
      </trkpt>
      <trkpt lat="40.745792" lon="140.599611">
        <ele>59.99</ele>
      </trkpt>
      <trkpt lat="40.745995" lon="140.599922">
        <ele>60.74</ele>
      </trkpt>
      <trkpt lat="40.746491" lon="140.60044">
        <ele>62.13</ele>
      </trkpt>
      <trkpt lat="40.746586" lon="140.600557">
        <ele>62.43</ele>
      </trkpt>
      <trkpt lat="40.746704" lon="140.600795">
        <ele>62.98</ele>
      </trkpt>
      <trkpt lat="40.746778" lon="140.601069">
        <ele>63.59</ele>
      </trkpt>
      <trkpt lat="40.747046" lon="140.602252">
        <ele>66.17</ele>
      </trkpt>
      <trkpt lat="40.747155" lon="140.602984">
        <ele>66.96</ele>
      </trkpt>
      <trkpt lat="40.7472" lon="140.603191">
        <ele>67.55</ele>
      </trkpt>
      <trkpt lat="40.747279" lon="140.603449">
        <ele>68.29</ele>
      </trkpt>
      <trkpt lat="40.747476" lon="140.604314">
        <ele>70.74</ele>
      </trkpt>
      <trkpt lat="40.747499" lon="140.604448">
        <ele>71.12</ele>
      </trkpt>
      <trkpt lat="40.7476" lon="140.604854">
        <ele>72.27</ele>
      </trkpt>
      <trkpt lat="40.747758" lon="140.605342">
        <ele>73.68</ele>
      </trkpt>
      <trkpt lat="40.747786" lon="140.605549">
        <ele>74.25</ele>
      </trkpt>
      <trkpt lat="40.747808" lon="140.605889">
        <ele>75.15</ele>
      </trkpt>
      <trkpt lat="40.747876" lon="140.606134">
        <ele>75.85</ele>
      </trkpt>
      <trkpt lat="40.747955" lon="140.606289">
        <ele>76.32</ele>
      </trkpt>
      <trkpt lat="40.748107" lon="140.606511">
        <ele>77.03</ele>
      </trkpt>
      <trkpt lat="40.748141" lon="140.606599">
        <ele>77.29</ele>
      </trkpt>
      <trkpt lat="40.748259" lon="140.607014">
        <ele>78.47</ele>
      </trkpt>
      <trkpt lat="40.748456" lon="140.607531">
        <ele>79.98</ele>
      </trkpt>
      <trkpt lat="40.748624" lon="140.607849">
        <ele>80.96</ele>
      </trkpt>
      <trkpt lat="40.748872" lon="140.608174">
        <ele>82.06</ele>
      </trkpt>
      <trkpt lat="40.74895" lon="140.608329">
        <ele>82.53</ele>
      </trkpt>
      <trkpt lat="40.749254" lon="140.609083">
        <ele>84.77</ele>
      </trkpt>
      <trkpt lat="40.749525" lon="140.609674">
        <ele>86.55</ele>
      </trkpt>
      <trkpt lat="40.750043" lon="140.610487">
        <ele>89.22</ele>
      </trkpt>
      <trkpt lat="40.750082" lon="140.610554">
        <ele>89.35</ele>
      </trkpt>
      <trkpt lat="40.750195" lon="140.610688">
        <ele>89.47</ele>
      </trkpt>
      <trkpt lat="40.750431" lon="140.610895">
        <ele>90.72</ele>
      </trkpt>
      <trkpt lat="40.750741" lon="140.61125">
        <ele>94.6</ele>
      </trkpt>
      <trkpt lat="40.750988" lon="140.611509">
        <ele>96.28</ele>
      </trkpt>
      <trkpt lat="40.75109" lon="140.611672">
        <ele>97.24</ele>
      </trkpt>
      <trkpt lat="40.751146" lon="140.611827">
        <ele>97.01</ele>
      </trkpt>
      <trkpt lat="40.751183" lon="140.612064">
        <ele>95.6</ele>
      </trkpt>
      <trkpt lat="40.751242" lon="140.612463">
        <ele>96.36</ele>
      </trkpt>
      <trkpt lat="40.751281" lon="140.612677">
        <ele>98.5</ele>
      </trkpt>
      <trkpt lat="40.751315" lon="140.612795">
        <ele>100.01</ele>
      </trkpt>
      <trkpt lat="40.751234" lon="140.613102">
        <ele>100.88</ele>
      </trkpt>
      <trkpt lat="40.751069" lon="140.613721">
        <ele>108.07</ele>
      </trkpt>
      <trkpt lat="40.751072" lon="140.614055">
        <ele>107.77</ele>
      </trkpt>
      <trkpt lat="40.751085" lon="140.615389">
        <ele>91.89</ele>
      </trkpt>
      <trkpt lat="40.75108" lon="140.615708">
        <ele>88.5</ele>
      </trkpt>
      <trkpt lat="40.75107" lon="140.616346">
        <ele>85.23</ele>
      </trkpt>
      <trkpt lat="40.751064" lon="140.616666">
        <ele>81.5</ele>
      </trkpt>
      <trkpt lat="40.751268" lon="140.617289">
        <ele>76.4</ele>
      </trkpt>
      <trkpt lat="40.75144" lon="140.617454">
        <ele>80.24</ele>
      </trkpt>
      <trkpt lat="40.751601" lon="140.617687">
        <ele>81.02</ele>
      </trkpt>
      <trkpt lat="40.751761" lon="140.617919">
        <ele>77.02</ele>
      </trkpt>
      <trkpt lat="40.751878" lon="140.618015">
        <ele>77.32</ele>
      </trkpt>
      <trkpt lat="40.752194" lon="140.618186">
        <ele>77.49</ele>
      </trkpt>
      <trkpt lat="40.752261" lon="140.618237">
        <ele>77.38</ele>
      </trkpt>
      <trkpt lat="40.752565" lon="140.618769">
        <ele>74.33</ele>
      </trkpt>
      <trkpt lat="40.752675" lon="140.618937">
        <ele>74.49</ele>
      </trkpt>
      <trkpt lat="40.752838" lon="140.619148">
        <ele>74.4</ele>
      </trkpt>
      <trkpt lat="40.75291" lon="140.619178">
        <ele>74</ele>
      </trkpt>
      <trkpt lat="40.753047" lon="140.619167">
        <ele>74.56</ele>
      </trkpt>
      <trkpt lat="40.753288" lon="140.61912">
        <ele>74.28</ele>
      </trkpt>
      <trkpt lat="40.753513" lon="140.619045">
        <ele>73.56</ele>
      </trkpt>
      <trkpt lat="40.753846" lon="140.618928">
        <ele>68.14</ele>
      </trkpt>
      <trkpt lat="40.754048" lon="140.618853">
        <ele>68.31</ele>
      </trkpt>
      <trkpt lat="40.754234" lon="140.618802">
        <ele>67.3</ele>
      </trkpt>
      <trkpt lat="40.754566" lon="140.618793">
        <ele>64.28</ele>
      </trkpt>
      <trkpt lat="40.754984" lon="140.618653">
        <ele>63.55</ele>
      </trkpt>
      <trkpt lat="40.755373" lon="140.618482">
        <ele>64.91</ele>
      </trkpt>
      <trkpt lat="40.755513" lon="140.618393">
        <ele>65.38</ele>
      </trkpt>
      <trkpt lat="40.755688" lon="140.618238">
        <ele>65.65</ele>
      </trkpt>
      <trkpt lat="40.755862" lon="140.618082">
        <ele>61.75</ele>
      </trkpt>
      <trkpt lat="40.755986" lon="140.618008">
        <ele>58.98</ele>
      </trkpt>
      <trkpt lat="40.756262" lon="140.618002">
        <ele>59.36</ele>
      </trkpt>
      <trkpt lat="40.756628" lon="140.61792">
        <ele>64.06</ele>
      </trkpt>
      <trkpt lat="40.756786" lon="140.617912">
        <ele>64.73</ele>
      </trkpt>
      <trkpt lat="40.757005" lon="140.617853">
        <ele>64.58</ele>
      </trkpt>
      <trkpt lat="40.757343" lon="140.617817">
        <ele>55.85</ele>
      </trkpt>
      <trkpt lat="40.757467" lon="140.617787">
        <ele>57.55</ele>
      </trkpt>
      <trkpt lat="40.757675" lon="140.61778">
        <ele>63.22</ele>
      </trkpt>
      <trkpt lat="40.757811" lon="140.617817">
        <ele>64.48</ele>
      </trkpt>
      <trkpt lat="40.75794" lon="140.617867">
        <ele>64</ele>
      </trkpt>
      <trkpt lat="40.75816" lon="140.617978">
        <ele>61.64</ele>
      </trkpt>
      <trkpt lat="40.758385" lon="140.618127">
        <ele>60.66</ele>
      </trkpt>
      <trkpt lat="40.758571" lon="140.618193">
        <ele>62.8</ele>
      </trkpt>
      <trkpt lat="40.758768" lon="140.618193">
        <ele>65.1</ele>
      </trkpt>
      <trkpt lat="40.758942" lon="140.618127">
        <ele>65.75</ele>
      </trkpt>
      <trkpt lat="40.759151" lon="140.618053">
        <ele>60.13</ele>
      </trkpt>
      <trkpt lat="40.759359" lon="140.617978">
        <ele>63.23</ele>
      </trkpt>
      <trkpt lat="40.75937" lon="140.617965">
        <ele>63.75</ele>
      </trkpt>
      <trkpt lat="40.759539" lon="140.61792">
        <ele>63.18</ele>
      </trkpt>
      <trkpt lat="40.759759" lon="140.617883">
        <ele>61.16</ele>
      </trkpt>
      <trkpt lat="40.759984" lon="140.617872">
        <ele>56.66</ele>
      </trkpt>
      <trkpt lat="40.760209" lon="140.61786">
        <ele>59.52</ele>
      </trkpt>
      <trkpt lat="40.761138" lon="140.617987">
        <ele>61.3</ele>
      </trkpt>
      <trkpt lat="40.761437" lon="140.618076">
        <ele>61.89</ele>
      </trkpt>
      <trkpt lat="40.761757" lon="140.618202">
        <ele>62.23</ele>
      </trkpt>
      <trkpt lat="40.762089" lon="140.618357">
        <ele>53.65</ele>
      </trkpt>
      <trkpt lat="40.762298" lon="140.618446">
        <ele>52</ele>
      </trkpt>
      <trkpt lat="40.762422" lon="140.618453">
        <ele>53.79</ele>
      </trkpt>
      <trkpt lat="40.762512" lon="140.618438">
        <ele>57.69</ele>
      </trkpt>
      <trkpt lat="40.762557" lon="140.618527">
        <ele>58.17</ele>
      </trkpt>
      <trkpt lat="40.762602" lon="140.618579">
        <ele>58.99</ele>
      </trkpt>
      <trkpt lat="40.762984" lon="140.61891">
        <ele>60.44</ele>
      </trkpt>
      <trkpt lat="40.763175" lon="140.619075">
        <ele>58.84</ele>
      </trkpt>
      <trkpt lat="40.763344" lon="140.619297">
        <ele>55.02</ele>
      </trkpt>
      <trkpt lat="40.763429" lon="140.619468">
        <ele>52.62</ele>
      </trkpt>
      <trkpt lat="40.763496" lon="140.619549">
        <ele>53.16</ele>
      </trkpt>
      <trkpt lat="40.763637" lon="140.619675">
        <ele>55.92</ele>
      </trkpt>
      <trkpt lat="40.763885" lon="140.619816">
        <ele>56.34</ele>
      </trkpt>
      <trkpt lat="40.764192" lon="140.61996">
        <ele>57.61</ele>
      </trkpt>
      <trkpt lat="40.764498" lon="140.620104">
        <ele>50.84</ele>
      </trkpt>
      <trkpt lat="40.764786" lon="140.620186">
        <ele>54.18</ele>
      </trkpt>
      <trkpt lat="40.765078" lon="140.620326">
        <ele>57.5</ele>
      </trkpt>
      <trkpt lat="40.765247" lon="140.620471">
        <ele>53.36</ele>
      </trkpt>
      <trkpt lat="40.765415" lon="140.620615">
        <ele>51.58</ele>
      </trkpt>
      <trkpt lat="40.765833" lon="140.621052">
        <ele>53.22</ele>
      </trkpt>
      <trkpt lat="40.766092" lon="140.621271">
        <ele>56.69</ele>
      </trkpt>
      <trkpt lat="40.76635" lon="140.621489">
        <ele>54.16</ele>
      </trkpt>
      <trkpt lat="40.766512" lon="140.621848">
        <ele>51.98</ele>
      </trkpt>
      <trkpt lat="40.766608" lon="140.621974">
        <ele>53.04</ele>
      </trkpt>
      <trkpt lat="40.766734" lon="140.622051">
        <ele>53.71</ele>
      </trkpt>
      <trkpt lat="40.766945" lon="140.62216">
        <ele>53.28</ele>
      </trkpt>
      <trkpt lat="40.76705" lon="140.62224">
        <ele>51.71</ele>
      </trkpt>
      <trkpt lat="40.767813" lon="140.623046">
        <ele>45.83</ele>
      </trkpt>
      <trkpt lat="40.769276" lon="140.624419">
        <ele>44.54</ele>
      </trkpt>
      <trkpt lat="40.770092" lon="140.625138">
        <ele>44.9</ele>
      </trkpt>
      <trkpt lat="40.770295" lon="140.625318">
        <ele>47.18</ele>
      </trkpt>
      <trkpt lat="40.770546" lon="140.625574">
        <ele>48.32</ele>
      </trkpt>
      <trkpt lat="40.77065" lon="140.625738">
        <ele>46.76</ele>
      </trkpt>
      <trkpt lat="40.770822" lon="140.626065">
        <ele>45.99</ele>
      </trkpt>
      <trkpt lat="40.77091" lon="140.626209">
        <ele>44.17</ele>
      </trkpt>
      <trkpt lat="40.770995" lon="140.6263">
        <ele>44.29</ele>
      </trkpt>
      <trkpt lat="40.771222" lon="140.626446">
        <ele>45.06</ele>
      </trkpt>
      <trkpt lat="40.771423" lon="140.62663">
        <ele>46.07</ele>
      </trkpt>
      <trkpt lat="40.771547" lon="140.626791">
        <ele>45.63</ele>
      </trkpt>
      <trkpt lat="40.771626" lon="140.626981">
        <ele>44.6</ele>
      </trkpt>
      <trkpt lat="40.771736" lon="140.627112">
        <ele>44.42</ele>
      </trkpt>
      <trkpt lat="40.772092" lon="140.627342">
        <ele>44.08</ele>
      </trkpt>
      <trkpt lat="40.772218" lon="140.627367">
        <ele>43.04</ele>
      </trkpt>
      <trkpt lat="40.77243" lon="140.627484">
        <ele>43.28</ele>
      </trkpt>
      <trkpt lat="40.772488" lon="140.627575">
        <ele>43.21</ele>
      </trkpt>
      <trkpt lat="40.773059" lon="140.627908">
        <ele>42.37</ele>
      </trkpt>
      <trkpt lat="40.773327" lon="140.628117">
        <ele>42.94</ele>
      </trkpt>
      <trkpt lat="40.773418" lon="140.628225">
        <ele>42.13</ele>
      </trkpt>
      <trkpt lat="40.773756" lon="140.628515">
        <ele>42.02</ele>
      </trkpt>
      <trkpt lat="40.774636" lon="140.629396">
        <ele>41.84</ele>
      </trkpt>
      <trkpt lat="40.774807" lon="140.629617">
        <ele>41.42</ele>
      </trkpt>
      <trkpt lat="40.775007" lon="140.629898">
        <ele>42.32</ele>
      </trkpt>
      <trkpt lat="40.77509" lon="140.630033">
        <ele>41.69</ele>
      </trkpt>
      <trkpt lat="40.775188" lon="140.6301">
        <ele>41.32</ele>
      </trkpt>
      <trkpt lat="40.775273" lon="140.630126">
        <ele>41.89</ele>
      </trkpt>
      <trkpt lat="40.775457" lon="140.630088">
        <ele>45.19</ele>
      </trkpt>
      <trkpt lat="40.775711" lon="140.630461">
        <ele>41.8</ele>
      </trkpt>
      <trkpt lat="40.775994" lon="140.63079">
        <ele>41.66</ele>
      </trkpt>
      <trkpt lat="40.776436" lon="140.631239">
        <ele>43.83</ele>
      </trkpt>
      <trkpt lat="40.776657" lon="140.631463">
        <ele>43.21</ele>
      </trkpt>
      <trkpt lat="40.77708" lon="140.631974">
        <ele>45.82</ele>
      </trkpt>
      <trkpt lat="40.777235" lon="140.632309">
        <ele>45.53</ele>
      </trkpt>
      <trkpt lat="40.77738" lon="140.632679">
        <ele>44.61</ele>
      </trkpt>
      <trkpt lat="40.777597" lon="140.633025">
        <ele>43.39</ele>
      </trkpt>
      <trkpt lat="40.777992" lon="140.633315">
        <ele>43.03</ele>
      </trkpt>
      <trkpt lat="40.778343" lon="140.633442">
        <ele>39.94</ele>
      </trkpt>
      <trkpt lat="40.77847" lon="140.633553">
        <ele>38.91</ele>
      </trkpt>
      <trkpt lat="40.778609" lon="140.63361">
        <ele>39.25</ele>
      </trkpt>
      <trkpt lat="40.778812" lon="140.633747">
        <ele>39.77</ele>
      </trkpt>
      <trkpt lat="40.778889" lon="140.634187">
        <ele>38.8</ele>
      </trkpt>
      <trkpt lat="40.778976" lon="140.634291">
        <ele>39.95</ele>
      </trkpt>
      <trkpt lat="40.779424" lon="140.634508">
        <ele>36.19</ele>
      </trkpt>
      <trkpt lat="40.779818" lon="140.635017">
        <ele>35.36</ele>
      </trkpt>
      <trkpt lat="40.779997" lon="140.635279">
        <ele>35.01</ele>
      </trkpt>
      <trkpt lat="40.780354" lon="140.635803">
        <ele>37.55</ele>
      </trkpt>
      <trkpt lat="40.780493" lon="140.636078">
        <ele>34.52</ele>
      </trkpt>
      <trkpt lat="40.780649" lon="140.636285">
        <ele>37.56</ele>
      </trkpt>
      <trkpt lat="40.780974" lon="140.636852">
        <ele>36.99</ele>
      </trkpt>
      <trkpt lat="40.781036" lon="140.636915">
        <ele>36.67</ele>
      </trkpt>
      <trkpt lat="40.78119" lon="140.636981">
        <ele>35.7</ele>
      </trkpt>
      <trkpt lat="40.781806" lon="140.636981">
        <ele>35.35</ele>
      </trkpt>
      <trkpt lat="40.782051" lon="140.637128">
        <ele>35.02</ele>
      </trkpt>
      <trkpt lat="40.782465" lon="140.637401">
        <ele>34.29</ele>
      </trkpt>
      <trkpt lat="40.782813" lon="140.637648">
        <ele>35.53</ele>
      </trkpt>
      <trkpt lat="40.782995" lon="140.637709">
        <ele>35.98</ele>
      </trkpt>
      <trkpt lat="40.783229" lon="140.637738">
        <ele>38.92</ele>
      </trkpt>
      <trkpt lat="40.783226" lon="140.637966">
        <ele>39.07</ele>
      </trkpt>
      <trkpt lat="40.783082" lon="140.638343">
        <ele>39.46</ele>
      </trkpt>
      <trkpt lat="40.782992" lon="140.63845">
        <ele>39.77</ele>
      </trkpt>
      <trkpt lat="40.782851" lon="140.638547">
        <ele>40.14</ele>
      </trkpt>
      <trkpt lat="40.782672" lon="140.638842">
        <ele>41.69</ele>
      </trkpt>
      <trkpt lat="40.782493" lon="140.639138">
        <ele>40.21</ele>
      </trkpt>
      <trkpt lat="40.782453" lon="140.639246">
        <ele>40.25</ele>
      </trkpt>
      <trkpt lat="40.782218" lon="140.639636">
        <ele>41.17</ele>
      </trkpt>
      <trkpt lat="40.781947" lon="140.640155">
        <ele>42.35</ele>
      </trkpt>
      <trkpt lat="40.781926" lon="140.640217">
        <ele>41.72</ele>
      </trkpt>
      <trkpt lat="40.781941" lon="140.640595">
        <ele>41.23</ele>
      </trkpt>
      <trkpt lat="40.781972" lon="140.641023">
        <ele>41.12</ele>
      </trkpt>
      <trkpt lat="40.781987" lon="140.64216">
        <ele>43.3</ele>
      </trkpt>
      <trkpt lat="40.781948" lon="140.642923">
        <ele>43.4</ele>
      </trkpt>
      <trkpt lat="40.781903" lon="140.643411">
        <ele>44.38</ele>
      </trkpt>
      <trkpt lat="40.781824" lon="140.643959">
        <ele>45.54</ele>
      </trkpt>
      <trkpt lat="40.781757" lon="140.644337">
        <ele>46.09</ele>
      </trkpt>
      <trkpt lat="40.781599" lon="140.64495">
        <ele>47.11</ele>
      </trkpt>
      <trkpt lat="40.781452" lon="140.645395">
        <ele>54.57</ele>
      </trkpt>
      <trkpt lat="40.781396" lon="140.64554">
        <ele>57.2</ele>
      </trkpt>
      <trkpt lat="40.781233" lon="140.645861">
        <ele>60.34</ele>
      </trkpt>
      <trkpt lat="40.78102" lon="140.646238">
        <ele>60.5</ele>
      </trkpt>
      <trkpt lat="40.780915" lon="140.646471">
        <ele>59.04</ele>
      </trkpt>
      <trkpt lat="40.780901" lon="140.646608">
        <ele>58.56</ele>
      </trkpt>
      <trkpt lat="40.780896" lon="140.646809">
        <ele>59.35</ele>
      </trkpt>
      <trkpt lat="40.780865" lon="140.647091">
        <ele>61.34</ele>
      </trkpt>
      <trkpt lat="40.780834" lon="140.647373">
        <ele>58.06</ele>
      </trkpt>
      <trkpt lat="40.780834" lon="140.647594">
        <ele>55.8</ele>
      </trkpt>
      <trkpt lat="40.780868" lon="140.647957">
        <ele>53.09</ele>
      </trkpt>
      <trkpt lat="40.780868" lon="140.648416">
        <ele>53.1</ele>
      </trkpt>
      <trkpt lat="40.780839" lon="140.648754">
        <ele>53.17</ele>
      </trkpt>
      <trkpt lat="40.7808" lon="140.649003">
        <ele>52.55</ele>
      </trkpt>
      <trkpt lat="40.780738" lon="140.649266">
        <ele>55.35</ele>
      </trkpt>
      <trkpt lat="40.780587" lon="140.649831">
        <ele>58.16</ele>
      </trkpt>
      <trkpt lat="40.780497" lon="140.650079">
        <ele>53.48</ele>
      </trkpt>
      <trkpt lat="40.780107" lon="140.651122">
        <ele>55.04</ele>
      </trkpt>
      <trkpt lat="40.780073" lon="140.651255">
        <ele>55</ele>
      </trkpt>
      <trkpt lat="40.78007" lon="140.651437">
        <ele>55.54</ele>
      </trkpt>
      <trkpt lat="40.780081" lon="140.651666">
        <ele>55.93</ele>
      </trkpt>
      <trkpt lat="40.780101" lon="140.65187">
        <ele>56.1</ele>
      </trkpt>
      <trkpt lat="40.780142" lon="140.652133">
        <ele>55.93</ele>
      </trkpt>
      <trkpt lat="40.780249" lon="140.652651">
        <ele>57.45</ele>
      </trkpt>
      <trkpt lat="40.780288" lon="140.652955">
        <ele>57.3</ele>
      </trkpt>
      <trkpt lat="40.780294" lon="140.653222">
        <ele>58.4</ele>
      </trkpt>
      <trkpt lat="40.780266" lon="140.653473">
        <ele>57.89</ele>
      </trkpt>
      <trkpt lat="40.780266" lon="140.653747">
        <ele>57.9</ele>
      </trkpt>
      <trkpt lat="40.780322" lon="140.65414">
        <ele>59.86</ele>
      </trkpt>
      <trkpt lat="40.780361" lon="140.654591">
        <ele>61.2</ele>
      </trkpt>
      <trkpt lat="40.780373" lon="140.654984">
        <ele>61.71</ele>
      </trkpt>
      <trkpt lat="40.780386" lon="140.65515">
        <ele>61.57</ele>
      </trkpt>
      <trkpt lat="40.780414" lon="140.655324">
        <ele>61.68</ele>
      </trkpt>
      <trkpt lat="40.780459" lon="140.655554">
        <ele>64.35</ele>
      </trkpt>
      <trkpt lat="40.780524" lon="140.65578">
        <ele>63.91</ele>
      </trkpt>
      <trkpt lat="40.780612" lon="140.656033">
        <ele>67.03</ele>
      </trkpt>
      <trkpt lat="40.780699" lon="140.656286">
        <ele>67.42</ele>
      </trkpt>
      <trkpt lat="40.780795" lon="140.656597">
        <ele>70.07</ele>
      </trkpt>
      <trkpt lat="40.780908" lon="140.657323">
        <ele>75.87</ele>
      </trkpt>
      <trkpt lat="40.780986" lon="140.657537">
        <ele>80.73</ele>
      </trkpt>
      <trkpt lat="40.78102" lon="140.657678">
        <ele>83</ele>
      </trkpt>
      <trkpt lat="40.781026" lon="140.65776">
        <ele>84.31</ele>
      </trkpt>
      <trkpt lat="40.781026" lon="140.658078">
        <ele>88.24</ele>
      </trkpt>
      <trkpt lat="40.780991" lon="140.658324">
        <ele>87.18</ele>
      </trkpt>
      <trkpt lat="40.781014" lon="140.658425">
        <ele>86.64</ele>
      </trkpt>
      <trkpt lat="40.78107" lon="140.658532">
        <ele>86.37</ele>
      </trkpt>
      <trkpt lat="40.781133" lon="140.658588">
        <ele>87.3</ele>
      </trkpt>
      <trkpt lat="40.781409" lon="140.658612">
        <ele>92.06</ele>
      </trkpt>
      <trkpt lat="40.781589" lon="140.658649">
        <ele>94.22</ele>
      </trkpt>
      <trkpt lat="40.781696" lon="140.658693">
        <ele>95.92</ele>
      </trkpt>
      <trkpt lat="40.78182" lon="140.658775">
        <ele>97.57</ele>
      </trkpt>
      <trkpt lat="40.781876" lon="140.658856">
        <ele>98.78</ele>
      </trkpt>
      <trkpt lat="40.781887" lon="140.658901">
        <ele>99.2</ele>
      </trkpt>
      <trkpt lat="40.781887" lon="140.659026">
        <ele>100.65</ele>
      </trkpt>
      <trkpt lat="40.78182" lon="140.659093">
        <ele>100.61</ele>
      </trkpt>
      <trkpt lat="40.781669" lon="140.659184">
        <ele>99.9</ele>
      </trkpt>
      <trkpt lat="40.781608" lon="140.659231">
        <ele>99.4</ele>
      </trkpt>
      <trkpt lat="40.781586" lon="140.659287">
        <ele>99.39</ele>
      </trkpt>
      <trkpt lat="40.781527" lon="140.659663">
        <ele>100.97</ele>
      </trkpt>
      <trkpt lat="40.781488" lon="140.659834">
        <ele>100.8</ele>
      </trkpt>
      <trkpt lat="40.781493" lon="140.660152">
        <ele>100.11</ele>
      </trkpt>
      <trkpt lat="40.781544" lon="140.660537">
        <ele>102.41</ele>
      </trkpt>
      <trkpt lat="40.781561" lon="140.661798">
        <ele>109.11</ele>
      </trkpt>
      <trkpt lat="40.781533" lon="140.662218">
        <ele>107.31</ele>
      </trkpt>
      <trkpt lat="40.781527" lon="140.662454">
        <ele>107.92</ele>
      </trkpt>
      <trkpt lat="40.781566" lon="140.662618">
        <ele>106.67</ele>
      </trkpt>
      <trkpt lat="40.781572" lon="140.662721">
        <ele>106.41</ele>
      </trkpt>
      <trkpt lat="40.781549" lon="140.662839">
        <ele>107.06</ele>
      </trkpt>
      <trkpt lat="40.781448" lon="140.663188">
        <ele>107.09</ele>
      </trkpt>
      <trkpt lat="40.781414" lon="140.663358">
        <ele>106.91</ele>
      </trkpt>
      <trkpt lat="40.781375" lon="140.663743">
        <ele>106.4</ele>
      </trkpt>
      <trkpt lat="40.781381" lon="140.664314">
        <ele>100.92</ele>
      </trkpt>
      <trkpt lat="40.781375" lon="140.664439">
        <ele>99.42</ele>
      </trkpt>
      <trkpt lat="40.781313" lon="140.664728">
        <ele>96.94</ele>
      </trkpt>
      <trkpt lat="40.781291" lon="140.664846">
        <ele>94.92</ele>
      </trkpt>
      <trkpt lat="40.781229" lon="140.66509">
        <ele>92.16</ele>
      </trkpt>
      <trkpt lat="40.781178" lon="140.665224">
        <ele>90.51</ele>
      </trkpt>
      <trkpt lat="40.781111" lon="140.665364">
        <ele>88.34</ele>
      </trkpt>
      <trkpt lat="40.78106" lon="140.665424">
        <ele>87.89</ele>
      </trkpt>
      <trkpt lat="40.781004" lon="140.665446">
        <ele>87.45</ele>
      </trkpt>
      <trkpt lat="40.780936" lon="140.665431">
        <ele>87.8</ele>
      </trkpt>
      <trkpt lat="40.780891" lon="140.665394">
        <ele>87.3</ele>
      </trkpt>
      <trkpt lat="40.780863" lon="140.665313">
        <ele>87.32</ele>
      </trkpt>
      <trkpt lat="40.780863" lon="140.665149">
        <ele>87</ele>
      </trkpt>
      <trkpt lat="40.78088" lon="140.664964">
        <ele>86.22</ele>
      </trkpt>
      <trkpt lat="40.78088" lon="140.664824">
        <ele>86.26</ele>
      </trkpt>
      <trkpt lat="40.78084" lon="140.664728">
        <ele>85.92</ele>
      </trkpt>
      <trkpt lat="40.78066" lon="140.664579">
        <ele>82.62</ele>
      </trkpt>
      <trkpt lat="40.780553" lon="140.664438">
        <ele>80.97</ele>
      </trkpt>
      <trkpt lat="40.780514" lon="140.664413">
        <ele>79</ele>
      </trkpt>
      <trkpt lat="40.780471" lon="140.664418">
        <ele>79.17</ele>
      </trkpt>
      <trkpt lat="40.780395" lon="140.664454">
        <ele>79.09</ele>
      </trkpt>
      <trkpt lat="40.780362" lon="140.664506">
        <ele>78.69</ele>
      </trkpt>
      <trkpt lat="40.78035" lon="140.664617">
        <ele>77.11</ele>
      </trkpt>
      <trkpt lat="40.780367" lon="140.665572">
        <ele>68.13</ele>
      </trkpt>
      <trkpt lat="40.780367" lon="140.66592">
        <ele>64.18</ele>
      </trkpt>
      <trkpt lat="40.780311" lon="140.66649">
        <ele>62.74</ele>
      </trkpt>
      <trkpt lat="40.7803" lon="140.666756">
        <ele>57.88</ele>
      </trkpt>
      <trkpt lat="40.780282" lon="140.66689">
        <ele>56.45</ele>
      </trkpt>
      <trkpt lat="40.780397" lon="140.667277">
        <ele>55.02</ele>
      </trkpt>
      <trkpt lat="40.780469" lon="140.667404">
        <ele>56.44</ele>
      </trkpt>
      <trkpt lat="40.780522" lon="140.667474">
        <ele>56.38</ele>
      </trkpt>
      <trkpt lat="40.780773" lon="140.667547">
        <ele>54.45</ele>
      </trkpt>
      <trkpt lat="40.780896" lon="140.667555">
        <ele>54.72</ele>
      </trkpt>
      <trkpt lat="40.781082" lon="140.667607">
        <ele>55.9</ele>
      </trkpt>
      <trkpt lat="40.781318" lon="140.667659">
        <ele>54.08</ele>
      </trkpt>
      <trkpt lat="40.781543" lon="140.667804">
        <ele>53.77</ele>
      </trkpt>
      <trkpt lat="40.781803" lon="140.668044">
        <ele>54.42</ele>
      </trkpt>
      <trkpt lat="40.782102" lon="140.668296">
        <ele>54.75</ele>
      </trkpt>
      <trkpt lat="40.782237" lon="140.668392">
        <ele>55.13</ele>
      </trkpt>
      <trkpt lat="40.782441" lon="140.668482">
        <ele>55.94</ele>
      </trkpt>
      <trkpt lat="40.782701" lon="140.668493">
        <ele>55.54</ele>
      </trkpt>
      <trkpt lat="40.782976" lon="140.668486">
        <ele>55.08</ele>
      </trkpt>
      <trkpt lat="40.783149" lon="140.668422">
        <ele>54.48</ele>
      </trkpt>
      <trkpt lat="40.783374" lon="140.668328">
        <ele>56.34</ele>
      </trkpt>
      <trkpt lat="40.783524" lon="140.668227">
        <ele>57.44</ele>
      </trkpt>
      <trkpt lat="40.783749" lon="140.668157">
        <ele>58.49</ele>
      </trkpt>
      <trkpt lat="40.783991" lon="140.668103">
        <ele>59.38</ele>
      </trkpt>
      <trkpt lat="40.784251" lon="140.668066">
        <ele>61.33</ele>
      </trkpt>
      <trkpt lat="40.784581" lon="140.668129">
        <ele>61.79</ele>
      </trkpt>
      <trkpt lat="40.78474" lon="140.668172">
        <ele>64.25</ele>
      </trkpt>
      <trkpt lat="40.78494" lon="140.668174">
        <ele>65.79</ele>
      </trkpt>
      <trkpt lat="40.785116" lon="140.668189">
        <ele>66.33</ele>
      </trkpt>
      <trkpt lat="40.785372" lon="140.66818">
        <ele>68.09</ele>
      </trkpt>
      <trkpt lat="40.785674" lon="140.668022">
        <ele>69</ele>
      </trkpt>
      <trkpt lat="40.785789" lon="140.667839">
        <ele>69.29</ele>
      </trkpt>
      <trkpt lat="40.785886" lon="140.667402">
        <ele>70.05</ele>
      </trkpt>
      <trkpt lat="40.785957" lon="140.667218">
        <ele>71.39</ele>
      </trkpt>
      <trkpt lat="40.786132" lon="140.667037">
        <ele>72.93</ele>
      </trkpt>
      <trkpt lat="40.786357" lon="140.666971">
        <ele>74.66</ele>
      </trkpt>
      <trkpt lat="40.786659" lon="140.667075">
        <ele>78.31</ele>
      </trkpt>
      <trkpt lat="40.78696" lon="140.667178">
        <ele>79.61</ele>
      </trkpt>
      <trkpt lat="40.787119" lon="140.667222">
        <ele>80.76</ele>
      </trkpt>
      <trkpt lat="40.787279" lon="140.667159">
        <ele>81.85</ele>
      </trkpt>
      <trkpt lat="40.787421" lon="140.667">
        <ele>83.29</ele>
      </trkpt>
      <trkpt lat="40.787616" lon="140.666929">
        <ele>86.91</ele>
      </trkpt>
      <trkpt lat="40.787811" lon="140.666859">
        <ele>86.18</ele>
      </trkpt>
      <trkpt lat="40.787921" lon="140.666799">
        <ele>85.7</ele>
      </trkpt>
      <trkpt lat="40.788602" lon="140.666193">
        <ele>82.88</ele>
      </trkpt>
      <trkpt lat="40.788734" lon="140.666089">
        <ele>87.82</ele>
      </trkpt>
      <trkpt lat="40.78883" lon="140.666009">
        <ele>88.37</ele>
      </trkpt>
      <trkpt lat="40.788914" lon="140.665979">
        <ele>89.26</ele>
      </trkpt>
      <trkpt lat="40.789015" lon="140.665987">
        <ele>90.61</ele>
      </trkpt>
      <trkpt lat="40.789235" lon="140.666068">
        <ele>93.02</ele>
      </trkpt>
      <trkpt lat="40.789337" lon="140.666134">
        <ele>92.24</ele>
      </trkpt>
      <trkpt lat="40.789447" lon="140.666163">
        <ele>92.74</ele>
      </trkpt>
      <trkpt lat="40.789619" lon="140.666105">
        <ele>94.09</ele>
      </trkpt>
      <trkpt lat="40.789714" lon="140.666038">
        <ele>95.68</ele>
      </trkpt>
      <trkpt lat="40.789866" lon="140.665971">
        <ele>95.91</ele>
      </trkpt>
      <trkpt lat="40.79008" lon="140.665971">
        <ele>96.88</ele>
      </trkpt>
      <trkpt lat="40.790204" lon="140.666009">
        <ele>98.23</ele>
      </trkpt>
      <trkpt lat="40.790334" lon="140.666134">
        <ele>98.44</ele>
      </trkpt>
      <trkpt lat="40.790463" lon="140.666247">
        <ele>100.33</ele>
      </trkpt>
      <trkpt lat="40.790544" lon="140.666284">
        <ele>100.79</ele>
      </trkpt>
      <trkpt lat="40.79062" lon="140.666288">
        <ele>100.97</ele>
      </trkpt>
      <trkpt lat="40.790719" lon="140.666176">
        <ele>100.76</ele>
      </trkpt>
      <trkpt lat="40.790821" lon="140.666356">
        <ele>100.07</ele>
      </trkpt>
      <trkpt lat="40.791249" lon="140.666582">
        <ele>100.94</ele>
      </trkpt>
      <trkpt lat="40.791542" lon="140.666669">
        <ele>101.51</ele>
      </trkpt>
      <trkpt lat="40.792072" lon="140.667057">
        <ele>101.74</ele>
      </trkpt>
      <trkpt lat="40.792336" lon="140.667251">
        <ele>98.96</ele>
      </trkpt>
      <trkpt lat="40.792968" lon="140.667328">
        <ele>92.44</ele>
      </trkpt>
      <trkpt lat="40.793255" lon="140.667449">
        <ele>89.65</ele>
      </trkpt>
      <trkpt lat="40.793488" lon="140.667663">
        <ele>88.37</ele>
      </trkpt>
      <trkpt lat="40.793635" lon="140.668032">
        <ele>86.53</ele>
      </trkpt>
      <trkpt lat="40.793873" lon="140.668376">
        <ele>83.76</ele>
      </trkpt>
      <trkpt lat="40.794248" lon="140.668583">
        <ele>82.16</ele>
      </trkpt>
      <trkpt lat="40.794446" lon="140.668762">
        <ele>81.8</ele>
      </trkpt>
      <trkpt lat="40.794607" lon="140.669147">
        <ele>80.66</ele>
      </trkpt>
      <trkpt lat="40.794816" lon="140.669302">
        <ele>80</ele>
      </trkpt>
      <trkpt lat="40.794922" lon="140.669276">
        <ele>79.5</ele>
      </trkpt>
      <trkpt lat="40.795141" lon="140.669284">
        <ele>77.66</ele>
      </trkpt>
      <trkpt lat="40.795311" lon="140.669414">
        <ele>76.2</ele>
      </trkpt>
      <trkpt lat="40.79549" lon="140.66967">
        <ele>75.06</ele>
      </trkpt>
      <trkpt lat="40.795703" lon="140.669874">
        <ele>74.34</ele>
      </trkpt>
      <trkpt lat="40.796052" lon="140.6701">
        <ele>73.21</ele>
      </trkpt>
      <trkpt lat="40.796517" lon="140.67047">
        <ele>69.75</ele>
      </trkpt>
      <trkpt lat="40.796606" lon="140.670553">
        <ele>69.15</ele>
      </trkpt>
      <trkpt lat="40.797408" lon="140.671174">
        <ele>65.48</ele>
      </trkpt>
      <trkpt lat="40.797895" lon="140.6714">
        <ele>64.29</ele>
      </trkpt>
      <trkpt lat="40.798139" lon="140.671514">
        <ele>65.24</ele>
      </trkpt>
      <trkpt lat="40.798454" lon="140.671719">
        <ele>62.79</ele>
      </trkpt>
      <trkpt lat="40.798889" lon="140.671847">
        <ele>60.28</ele>
      </trkpt>
      <trkpt lat="40.799227" lon="140.672064">
        <ele>59.21</ele>
      </trkpt>
      <trkpt lat="40.799472" lon="140.672279">
        <ele>59.84</ele>
      </trkpt>
      <trkpt lat="40.799707" lon="140.672402">
        <ele>59.26</ele>
      </trkpt>
      <trkpt lat="40.800241" lon="140.672598">
        <ele>57.93</ele>
      </trkpt>
      <trkpt lat="40.800397" lon="140.672626">
        <ele>57.66</ele>
      </trkpt>
      <trkpt lat="40.800825" lon="140.67263">
        <ele>56.93</ele>
      </trkpt>
      <trkpt lat="40.801006" lon="140.672645">
        <ele>56.87</ele>
      </trkpt>
      <trkpt lat="40.801318" lon="140.672807">
        <ele>56.38</ele>
      </trkpt>
      <trkpt lat="40.801482" lon="140.672852">
        <ele>56</ele>
      </trkpt>
      <trkpt lat="40.80217" lon="140.673099">
        <ele>56.09</ele>
      </trkpt>
      <trkpt lat="40.802368" lon="140.673263">
        <ele>56.18</ele>
      </trkpt>
      <trkpt lat="40.802498" lon="140.673412">
        <ele>55.64</ele>
      </trkpt>
      <trkpt lat="40.802697" lon="140.673702">
        <ele>57</ele>
      </trkpt>
      <trkpt lat="40.802765" lon="140.673979">
        <ele>57</ele>
      </trkpt>
      <trkpt lat="40.802887" lon="140.674257">
        <ele>57.67</ele>
      </trkpt>
      <trkpt lat="40.803004" lon="140.674449">
        <ele>59.25</ele>
      </trkpt>
      <trkpt lat="40.803306" lon="140.674692">
        <ele>60.91</ele>
      </trkpt>
      <trkpt lat="40.803402" lon="140.674758">
        <ele>61</ele>
      </trkpt>
      <trkpt lat="40.804645" lon="140.675355">
        <ele>60.95</ele>
      </trkpt>
      <trkpt lat="40.805071" lon="140.675549">
        <ele>61.34</ele>
      </trkpt>
      <trkpt lat="40.805283" lon="140.675662">
        <ele>62.01</ele>
      </trkpt>
      <trkpt lat="40.805495" lon="140.675775">
        <ele>64.77</ele>
      </trkpt>
      <trkpt lat="40.805824" lon="140.675996">
        <ele>67.08</ele>
      </trkpt>
      <trkpt lat="40.806163" lon="140.676341">
        <ele>67.5</ele>
      </trkpt>
      <trkpt lat="40.80634" lon="140.676587">
        <ele>67.87</ele>
      </trkpt>
      <trkpt lat="40.80651" lon="140.676864">
        <ele>68.54</ele>
      </trkpt>
      <trkpt lat="40.806817" lon="140.67714">
        <ele>69</ele>
      </trkpt>
      <trkpt lat="40.807047" lon="140.677255">
        <ele>69</ele>
      </trkpt>
      <trkpt lat="40.8075" lon="140.677794">
        <ele>67.11</ele>
      </trkpt>
      <trkpt lat="40.807773" lon="140.677996">
        <ele>64.88</ele>
      </trkpt>
      <trkpt lat="40.807952" lon="140.678117">
        <ele>64.68</ele>
      </trkpt>
      <trkpt lat="40.808069" lon="140.678253">
        <ele>63.81</ele>
      </trkpt>
      <trkpt lat="40.80816" lon="140.678386">
        <ele>62.88</ele>
      </trkpt>
      <trkpt lat="40.808245" lon="140.678603">
        <ele>60.45</ele>
      </trkpt>
      <trkpt lat="40.808424" lon="140.678814">
        <ele>59.12</ele>
      </trkpt>
      <trkpt lat="40.808778" lon="140.679171">
        <ele>54.3</ele>
      </trkpt>
      <trkpt lat="40.808941" lon="140.679575">
        <ele>51.72</ele>
      </trkpt>
      <trkpt lat="40.809096" lon="140.679876">
        <ele>49.15</ele>
      </trkpt>
      <trkpt lat="40.809312" lon="140.680302">
        <ele>48.1</ele>
      </trkpt>
      <trkpt lat="40.809469" lon="140.680501">
        <ele>47.53</ele>
      </trkpt>
      <trkpt lat="40.809689" lon="140.680711">
        <ele>46.2</ele>
      </trkpt>
      <trkpt lat="40.809903" lon="140.680888">
        <ele>45.47</ele>
      </trkpt>
      <trkpt lat="40.810017" lon="140.681095">
        <ele>44.91</ele>
      </trkpt>
      <trkpt lat="40.810383" lon="140.681956">
        <ele>43.7</ele>
      </trkpt>
      <trkpt lat="40.810615" lon="140.682528">
        <ele>42.94</ele>
      </trkpt>
      <trkpt lat="40.810827" lon="140.682778">
        <ele>42.88</ele>
      </trkpt>
      <trkpt lat="40.81091" lon="140.682831">
        <ele>43.23</ele>
      </trkpt>
      <trkpt lat="40.811345" lon="140.682925">
        <ele>45.25</ele>
      </trkpt>
      <trkpt lat="40.81151" lon="140.682984">
        <ele>46.84</ele>
      </trkpt>
      <trkpt lat="40.811617" lon="140.683079">
        <ele>47.66</ele>
      </trkpt>
      <trkpt lat="40.811994" lon="140.683503">
        <ele>49.14</ele>
      </trkpt>
      <trkpt lat="40.812264" lon="140.683754">
        <ele>49.6</ele>
      </trkpt>
      <trkpt lat="40.812444" lon="140.68385">
        <ele>50</ele>
      </trkpt>
      <trkpt lat="40.81284" lon="140.684009">
        <ele>50.08</ele>
      </trkpt>
      <trkpt lat="40.81301" lon="140.684091">
        <ele>50.52</ele>
      </trkpt>
      <trkpt lat="40.813385" lon="140.684339">
        <ele>48.76</ele>
      </trkpt>
      <trkpt lat="40.81393" lon="140.684716">
        <ele>44.57</ele>
      </trkpt>
      <trkpt lat="40.814246" lon="140.684875">
        <ele>42.37</ele>
      </trkpt>
      <trkpt lat="40.814378" lon="140.684913">
        <ele>41.52</ele>
      </trkpt>
      <trkpt lat="40.814476" lon="140.684947">
        <ele>37.69</ele>
      </trkpt>
      <trkpt lat="40.815042" lon="140.685151">
        <ele>38.38</ele>
      </trkpt>
      <trkpt lat="40.81511" lon="140.685166">
        <ele>38.39</ele>
      </trkpt>
      <trkpt lat="40.815337" lon="140.685302">
        <ele>40.33</ele>
      </trkpt>
      <trkpt lat="40.81552" lon="140.68548">
        <ele>40.6</ele>
      </trkpt>
      <trkpt lat="40.81578" lon="140.685748">
        <ele>39.81</ele>
      </trkpt>
      <trkpt lat="40.815855" lon="140.685832">
        <ele>39.53</ele>
      </trkpt>
      <trkpt lat="40.815902" lon="140.685902">
        <ele>39.53</ele>
      </trkpt>
      <trkpt lat="40.815963" lon="140.686049">
        <ele>39.06</ele>
      </trkpt>
      <trkpt lat="40.815992" lon="140.686198">
        <ele>38.41</ele>
      </trkpt>
      <trkpt lat="40.815997" lon="140.686538">
        <ele>36.52</ele>
      </trkpt>
      <trkpt lat="40.815986" lon="140.686649">
        <ele>35.79</ele>
      </trkpt>
      <trkpt lat="40.815941" lon="140.686864">
        <ele>34.84</ele>
      </trkpt>
      <trkpt lat="40.815879" lon="140.687042">
        <ele>34.69</ele>
      </trkpt>
      <trkpt lat="40.815643" lon="140.687463">
        <ele>31.43</ele>
      </trkpt>
      <trkpt lat="40.815408" lon="140.687852">
        <ele>27.23</ele>
      </trkpt>
      <trkpt lat="40.815326" lon="140.688044">
        <ele>25.53</ele>
      </trkpt>
      <trkpt lat="40.815213" lon="140.68844">
        <ele>24.05</ele>
      </trkpt>
      <trkpt lat="40.815193" lon="140.688539">
        <ele>24</ele>
      </trkpt>
      <trkpt lat="40.815194" lon="140.688651">
        <ele>23.94</ele>
      </trkpt>
      <trkpt lat="40.815469" lon="140.689699">
        <ele>22</ele>
      </trkpt>
      <trkpt lat="40.815505" lon="140.689861">
        <ele>22</ele>
      </trkpt>
      <trkpt lat="40.815675" lon="140.691655">
        <ele>19</ele>
      </trkpt>
      <trkpt lat="40.815737" lon="140.692073">
        <ele>19</ele>
      </trkpt>
      <trkpt lat="40.815956" lon="140.692693">
        <ele>18.99</ele>
      </trkpt>
      <trkpt lat="40.816098" lon="140.69307">
        <ele>18</ele>
      </trkpt>
      <trkpt lat="40.816421" lon="140.69401">
        <ele>18</ele>
      </trkpt>
      <trkpt lat="40.816501" lon="140.694331">
        <ele>18</ele>
      </trkpt>
      <trkpt lat="40.816593" lon="140.694957">
        <ele>17.24</ele>
      </trkpt>
      <trkpt lat="40.816706" lon="140.695629">
        <ele>17</ele>
      </trkpt>
      <trkpt lat="40.816902" lon="140.696959">
        <ele>16</ele>
      </trkpt>
      <trkpt lat="40.816652" lon="140.697067">
        <ele>16</ele>
      </trkpt>
      <trkpt lat="40.816526" lon="140.697193">
        <ele>15.1</ele>
      </trkpt>
      <trkpt lat="40.816474" lon="140.697588">
        <ele>14.94</ele>
      </trkpt>
      <trkpt lat="40.816519" lon="140.697784">
        <ele>14.43</ele>
      </trkpt>
      <trkpt lat="40.816543" lon="140.697985">
        <ele>15</ele>
      </trkpt>
      <trkpt lat="40.816478" lon="140.698504">
        <ele>15</ele>
      </trkpt>
      <trkpt lat="40.816505" lon="140.698788">
        <ele>14.21</ele>
      </trkpt>
      <trkpt lat="40.816774" lon="140.69896">
        <ele>15</ele>
      </trkpt>
      <trkpt lat="40.816583" lon="140.699292">
        <ele>14.81</ele>
      </trkpt>
      <trkpt lat="40.816581" lon="140.699974">
        <ele>12.1</ele>
      </trkpt>
      <trkpt lat="40.8166" lon="140.700125">
        <ele>11.17</ele>
      </trkpt>
      <trkpt lat="40.816596" lon="140.700208">
        <ele>10.67</ele>
      </trkpt>
      <trkpt lat="40.816558" lon="140.700462">
        <ele>8.98</ele>
      </trkpt>
      <trkpt lat="40.816539" lon="140.700645">
        <ele>7.24</ele>
      </trkpt>
      <trkpt lat="40.816548" lon="140.700775">
        <ele>5.7</ele>
      </trkpt>
      <trkpt lat="40.816786" lon="140.701064">
        <ele>5.83</ele>
      </trkpt>
      <trkpt lat="40.816903" lon="140.701177">
        <ele>6.11</ele>
      </trkpt>
      <trkpt lat="40.817302" lon="140.70167">
        <ele>4.57</ele>
      </trkpt>
      <trkpt lat="40.817604" lon="140.702086">
        <ele>5.11</ele>
      </trkpt>
      <trkpt lat="40.818134" lon="140.70324">
        <ele>4.66</ele>
      </trkpt>
      <trkpt lat="40.81894" lon="140.705163">
        <ele>4.85</ele>
      </trkpt>
      <trkpt lat="40.819095" lon="140.70556">
        <ele>5</ele>
      </trkpt>
      <trkpt lat="40.819238" lon="140.705964">
        <ele>5</ele>
      </trkpt>
      <trkpt lat="40.819301" lon="140.706241">
        <ele>5</ele>
      </trkpt>
      <trkpt lat="40.819461" lon="140.706255">
        <ele>5</ele>
      </trkpt>
      <trkpt lat="40.819961" lon="140.707018">
        <ele>5</ele>
      </trkpt>
      <trkpt lat="40.82003" lon="140.707104">
        <ele>5</ele>
      </trkpt>
      <trkpt lat="40.820246" lon="140.70772">
        <ele>4</ele>
      </trkpt>
      <trkpt lat="40.820334" lon="140.707949">
        <ele>4</ele>
      </trkpt>
      <trkpt lat="40.820455" lon="140.708207">
        <ele>4</ele>
      </trkpt>
      <trkpt lat="40.820788" lon="140.708828">
        <ele>4.89</ele>
      </trkpt>
      <trkpt lat="40.820238" lon="140.70922">
        <ele>4</ele>
      </trkpt>
      <trkpt lat="40.820331" lon="140.709464">
        <ele>4</ele>
      </trkpt>
      <trkpt lat="40.820355" lon="140.709603">
        <ele>4</ele>
      </trkpt>
      <trkpt lat="40.820369" lon="140.709765">
        <ele>4</ele>
      </trkpt>
      <trkpt lat="40.820369" lon="140.710083">
        <ele>3.1</ele>
      </trkpt>
      <trkpt lat="40.820387" lon="140.710303">
        <ele>3</ele>
      </trkpt>
      <trkpt lat="40.820429" lon="140.710628">
        <ele>3.64</ele>
      </trkpt>
      <trkpt lat="40.820477" lon="140.710858">
        <ele>3.27</ele>
      </trkpt>
      <trkpt lat="40.820634" lon="140.711403">
        <ele>3</ele>
      </trkpt>
      <trkpt lat="40.820836" lon="140.711834">
        <ele>3</ele>
      </trkpt>
      <trkpt lat="40.820983" lon="140.712249">
        <ele>3</ele>
      </trkpt>
      <trkpt lat="40.821279" lon="140.713104">
        <ele>3</ele>
      </trkpt>
      <trkpt lat="40.821431" lon="140.713571">
        <ele>3</ele>
      </trkpt>
      <trkpt lat="40.82149" lon="140.713618">
        <ele>3</ele>
      </trkpt>
      <trkpt lat="40.821564" lon="140.713631">
        <ele>3</ele>
      </trkpt>
      <trkpt lat="40.82162" lon="140.713655">
        <ele>3</ele>
      </trkpt>
      <trkpt lat="40.821932" lon="140.713894">
        <ele>3</ele>
      </trkpt>
      <trkpt lat="40.821236" lon="140.715141">
        <ele>3</ele>
      </trkpt>
      <trkpt lat="40.821137" lon="140.715337">
        <ele>3.2</ele>
      </trkpt>
      <trkpt lat="40.821099" lon="140.71557">
        <ele>3.5</ele>
      </trkpt>
      <trkpt lat="40.820887" lon="140.716701">
        <ele>3</ele>
      </trkpt>
      <trkpt lat="40.821023" lon="140.716727">
        <ele>3</ele>
      </trkpt>
      <trkpt lat="40.821385" lon="140.716866">
        <ele>3</ele>
      </trkpt>
      <trkpt lat="40.82127" lon="140.717421">
        <ele>3</ele>
      </trkpt>
      <trkpt lat="40.82124" lon="140.717467">
        <ele>3</ele>
      </trkpt>
      <trkpt lat="40.821161" lon="140.717521">
        <ele>3</ele>
      </trkpt>
      <trkpt lat="40.820749" lon="140.717756">
        <ele>3</ele>
      </trkpt>
      <trkpt lat="40.821754" lon="140.719223">
        <ele>3</ele>
      </trkpt>
      <trkpt lat="40.822171" lon="140.719808">
        <ele>3</ele>
      </trkpt>
      <trkpt lat="40.822205" lon="140.719878">
        <ele>3</ele>
      </trkpt>
      <trkpt lat="40.822289" lon="140.72012">
        <ele>3</ele>
      </trkpt>
      <trkpt lat="40.822361" lon="140.720962">
        <ele>3</ele>
      </trkpt>
      <trkpt lat="40.822425" lon="140.721541">
        <ele>3</ele>
      </trkpt>
      <trkpt lat="40.822501" lon="140.722103">
        <ele>2</ele>
      </trkpt>
      <trkpt lat="40.822377" lon="140.722142">
        <ele>2.15</ele>
      </trkpt>
      <trkpt lat="40.822068" lon="140.722272">
        <ele>2.52</ele>
      </trkpt>
      <trkpt lat="40.821974" lon="140.722352">
        <ele>2.23</ele>
      </trkpt>
      <trkpt lat="40.821945" lon="140.7224">
        <ele>2.29</ele>
      </trkpt>
      <trkpt lat="40.822172" lon="140.723358">
        <ele>3</ele>
      </trkpt>
      <trkpt lat="40.822098" lon="140.72348">
        <ele>3</ele>
      </trkpt>
      <trkpt lat="40.822179" lon="140.723568">
        <ele>3</ele>
      </trkpt>
      <trkpt lat="40.822519" lon="140.723791">
        <ele>3</ele>
      </trkpt>
      <trkpt lat="40.822529" lon="140.723826">
        <ele>3</ele>
      </trkpt>
      <trkpt lat="40.822335" lon="140.724588">
        <ele>3</ele>
      </trkpt>
      <trkpt lat="40.822615" lon="140.724704">
        <ele>3</ele>
      </trkpt>
      <trkpt lat="40.822476" lon="140.72509">
        <ele>3</ele>
      </trkpt>
      <trkpt lat="40.823104" lon="140.725463">
        <ele>3</ele>
      </trkpt>
      <trkpt lat="40.823182" lon="140.726056">
        <ele>3.54</ele>
      </trkpt>
      <trkpt lat="40.823316" lon="140.726051">
        <ele>3.24</ele>
      </trkpt>
      <trkpt lat="40.823442" lon="140.726074">
        <ele>3.51</ele>
      </trkpt>
      <trkpt lat="40.823534" lon="140.726113">
        <ele>4</ele>
      </trkpt>
      <trkpt lat="40.823784" lon="140.726292">
        <ele>3</ele>
      </trkpt>
      <trkpt lat="40.823739" lon="140.72632">
        <ele>3</ele>
      </trkpt>
      <trkpt lat="40.823634" lon="140.726463">
        <ele>3.02</ele>
      </trkpt>
      <trkpt lat="40.823502" lon="140.726864">
        <ele>3.03</ele>
      </trkpt>
      <trkpt lat="40.823446" lon="140.727092">
        <ele>3</ele>
      </trkpt>
      <trkpt lat="40.823406" lon="140.727326">
        <ele>3</ele>
      </trkpt>
      <trkpt lat="40.823376" lon="140.7276">
        <ele>3</ele>
      </trkpt>
      <trkpt lat="40.823359" lon="140.727856">
        <ele>3</ele>
      </trkpt>
      <trkpt lat="40.82336" lon="140.728156">
        <ele>3</ele>
      </trkpt>
      <trkpt lat="40.823354" lon="140.728281">
        <ele>3</ele>
      </trkpt>
      <trkpt lat="40.823386" lon="140.728686">
        <ele>3</ele>
      </trkpt>
      <trkpt lat="40.823443" lon="140.729143">
        <ele>3</ele>
      </trkpt>
      <trkpt lat="40.823542" lon="140.729554">
        <ele>3</ele>
      </trkpt>
      <trkpt lat="40.823632" lon="140.729862">
        <ele>3</ele>
      </trkpt>
      <trkpt lat="40.823741" lon="140.730139">
        <ele>3</ele>
      </trkpt>
      <trkpt lat="40.823873" lon="140.730403">
        <ele>3</ele>
      </trkpt>
      <trkpt lat="40.823979" lon="140.730587">
        <ele>3</ele>
      </trkpt>
      <trkpt lat="40.824143" lon="140.730818">
        <ele>3</ele>
      </trkpt>
      <trkpt lat="40.824101" lon="140.73088">
        <ele>3</ele>
      </trkpt>
      <trkpt lat="40.823676" lon="140.731382">
        <ele>3</ele>
      </trkpt>
      <trkpt lat="40.823673" lon="140.731587">
        <ele>3</ele>
      </trkpt>
      <trkpt lat="40.823116" lon="140.731562">
        <ele>3</ele>
      </trkpt>
      <trkpt lat="40.823002" lon="140.73187">
        <ele>3</ele>
      </trkpt>
      <trkpt lat="40.822976" lon="140.731915">
        <ele>3</ele>
      </trkpt>
      <trkpt lat="40.822424" lon="140.732124">
        <ele>3.56</ele>
      </trkpt>
      <trkpt lat="40.822636" lon="140.732386">
        <ele>3</ele>
      </trkpt>
      <trkpt lat="40.822467" lon="140.732473">
        <ele>3.15</ele>
      </trkpt>
      <trkpt lat="40.822317" lon="140.73257">
        <ele>3</ele>
      </trkpt>
      <trkpt lat="40.822192" lon="140.732708">
        <ele>3</ele>
      </trkpt>
      <trkpt lat="40.822121" lon="140.732825">
        <ele>3</ele>
      </trkpt>
      <trkpt lat="40.821723" lon="140.733978">
        <ele>3</ele>
      </trkpt>
      <trkpt lat="40.821685" lon="140.734105">
        <ele>3</ele>
      </trkpt>
      <trkpt lat="40.821794" lon="140.734233">
        <ele>3</ele>
      </trkpt>
      <trkpt lat="40.82194" lon="140.734429">
        <ele>3</ele>
      </trkpt>
      <trkpt lat="40.821983" lon="140.73447">
        <ele>3</ele>
      </trkpt>
      <trkpt lat="40.822275" lon="140.73467">
        <ele>3</ele>
      </trkpt>
      <trkpt lat="40.822446" lon="140.734808">
        <ele>3</ele>
      </trkpt>
      <trkpt lat="40.822649" lon="140.734995">
        <ele>2.79</ele>
      </trkpt>
      <trkpt lat="40.8227" lon="140.734911">
        <ele>2.98</ele>
      </trkpt>
      <trkpt lat="40.822846" lon="140.735032">
        <ele>2.02</ele>
      </trkpt>
      <trkpt lat="40.822757" lon="140.735232">
        <ele>2</ele>
      </trkpt>
      <trkpt lat="40.822696" lon="140.735462">
        <ele>2.41</ele>
      </trkpt>
      <trkpt lat="40.822569" lon="140.736126">
        <ele>2.02</ele>
      </trkpt>
      <trkpt lat="40.823015" lon="140.736255">
        <ele>2</ele>
      </trkpt>
      <trkpt lat="40.822991" lon="140.736336">
        <ele>2</ele>
      </trkpt>
      <trkpt lat="40.822805" lon="140.737462">
        <ele>2</ele>
      </trkpt>
      <trkpt lat="40.822646" lon="140.73867">
        <ele>2.89</ele>
      </trkpt>
      <trkpt lat="40.822394" lon="140.740528">
        <ele>2</ele>
      </trkpt>
      <trkpt lat="40.822179" lon="140.74178">
        <ele>2</ele>
      </trkpt>
      <trkpt lat="40.822037" lon="140.742708">
        <ele>2</ele>
      </trkpt>
      <trkpt lat="40.821797" lon="140.744799">
        <ele>2.58</ele>
      </trkpt>
      <trkpt lat="40.821736" lon="140.745243">
        <ele>2.04</ele>
      </trkpt>
      <trkpt lat="40.821619" lon="140.74589">
        <ele>2.07</ele>
      </trkpt>
      <trkpt lat="40.82157" lon="140.74632">
        <ele>2</ele>
      </trkpt>
      <trkpt lat="40.821546" lon="140.746609">
        <ele>2</ele>
      </trkpt>
      <trkpt lat="40.821537" lon="140.746838">
        <ele>2</ele>
      </trkpt>
      <trkpt lat="40.821532" lon="140.74724">
        <ele>2.17</ele>
      </trkpt>
      <trkpt lat="40.82156" lon="140.748075">
        <ele>2.02</ele>
      </trkpt>
      <trkpt lat="40.821602" lon="140.748078">
        <ele>2.15</ele>
      </trkpt>
      <trkpt lat="40.821596" lon="140.74795">
        <ele>2.15</ele>
      </trkpt>
    </trkseg>
  </trk>
</gpx>
